N,P,K,temperature,humidity,pH,rainfall,crop
106.69694278476493,63.94875466493897,38.066813312845625,30.668586398001864,53.29183919069721,7.376739804532674,222.2677283848436,Maize
30.952393714745593,55.47517574801533,21.683688134921237,24.148687580061825,51.984552466444256,6.427568419893051,69.39664808444479,Lentil
38.04132326612671,54.257091268026606,29.615028380876314,29.28135064072233,62.928009206997636,7.11061039142378,107.39029569424548,MungBean
62.78869498162709,67.49381978448383,51.58199968160533,34.422185843613676,55.955000068264596,7.445484132964914,173.8827754946994,Pomegranate
30.64985546104191,74.93902205882601,27.704507235002595,19.680401651672483,51.69073536991439,6.124435073510464,160.79841572093508,KidneyBeans
22.422978491626342,50.354715286424735,22.23055513547423,24.674676749312578,50.19175794685855,6.009918799596128,98.14539886793587,Lentil
41.03108460994702,74.18741719478581,21.949658747645113,28.40829782948199,63.34615430680007,5.6655275055604815,173.78439816788165,KidneyBeans
68.39103813111086,64.99297304092494,88.75318741983737,29.38239218835339,65.7933737920152,6.971930903717201,113.45507027702517,Muskmelon
39.39074463059687,43.17332941362927,24.332988512320252,31.29405559542625,53.361521756848425,7.311496408632173,80.57558299352522,MungBean
68.17296220904308,42.47846665346444,43.180723746679405,24.183810694396037,72.79065896392662,6.80052157087567,136.5472124804129,Grapes
116.95940544254016,42.67661576524487,42.22801794379017,18.310295772568352,54.77209596365931,6.870309015468804,154.54191594682905,Maize
24.277476211820016,51.299490791595524,24.86669398168957,22.34574478463864,57.71590807871474,7.417409772800465,107.69402955224675,KidneyBeans
99.2367097956517,54.21707738519877,64.01811571403381,26.707407302422087,58.863467703389716,6.244857175660988,136.01417556855185,Muskmelon
74.28179753939024,42.45050791341608,32.72969101786954,27.42329803188376,89.31931694854804,5.600214090588725,236.94900127185406,Rice
70.60438900048773,51.278162129846514,71.3617098487101,30.17916190151998,54.44532040397734,6.456824328094032,192.33194056638695,Watermelon
80.08269531494382,52.78162205011779,36.81169497474475,30.189891059668856,74.24344517141364,5.702670691681624,178.69892831762704,Maize
74.44453102456298,59.991531373506184,69.79835107118683,34.48005853096683,68.2227994119689,7.003274592932039,121.42738890308814,Mango
137.06388948275173,52.18551177513325,116.0697337094869,32.837343120226315,82.16758270124299,6.844349555728425,288.9355290517369,Banana
35.98829805098897,57.31933159967878,27.054362929192123,27.81257922308864,45.367662775351405,7.215616489515634,41.70640759878274,ChickPea
103.80508953840726,43.103446361987906,123.44569879907905,26.474719366455776,81.27397657669938,6.405086342355461,282.05316225582794,Banana
93.65566966614294,35.43908559846367,40.721732294918304,24.527158688018442,89.58977537073008,5.0951226435046,232.33720903486125,Rice
114.98738583716525,43.635391535113214,22.64109069049884,25.262346290022208,70.7244167445905,6.6918217639973605,210.2104336987531,Maize
37.075537513768296,56.27427393687299,38.22976051902784,29.960357354465827,51.59974778091389,6.197008592292469,55.04381312949569,ChickPea
27.62318347915088,55.6597420210409,20.138547940076933,28.825419913303637,51.94144436562513,9.378376486774382,32.97975061414756,MothBeans
53.80853138451592,52.08767511377231,74.6865803620839,33.656817317427254,53.87372603427874,7.185891989276109,230.5351696456944,Mango
98.43491964445076,58.64985765343715,84.2635762583156,27.856019977601257,65.68675387500639,6.007969491352167,198.3681306930744,Muskmelon
27.340304254783486,65.88740526135669,21.89882680858618,33.61331593046769,43.003167836030364,6.412268181789816,164.38263382213103,PigeonPeas
75.10224133130274,41.895744050614624,47.952610398594906,15.480913377695792,60.39267334570264,6.60033864536594,174.29774905915104,Apple
65.5248253577296,69.40611534924744,43.79724347025587,18.637043310717967,60.23027985619089,5.764342422149249,120.77162483908984,Apple
31.292938738835012,58.125390703903065,23.08196394285114,32.31401203832395,47.97461233725624,5.821658834424191,141.44135464572048,PigeonPeas
97.48181286202845,52.11918825021297,77.77471953116506,34.360654846169574,58.16412170307382,6.430091436741589,102.91826353283355,Watermelon
55.65408842081632,64.48625179632651,26.572608914221636,28.795472708391102,44.05056511546479,6.580960078028369,94.74097209767437,ChickPea
117.52890052071615,57.5274710836257,46.35155319221015,24.81232631940425,63.51163963143091,7.491989238484795,206.91644911581156,Maize
83.68458585969279,45.463768085290745,63.54118104947154,26.32066400335145,61.52218059006166,6.783295054136803,198.97452813017827,Muskmelon
79.93756373263595,68.73586621591645,87.23469098462635,24.169946153223513,69.06665106455766,6.222947485232731,135.65407794172935,Watermelon
23.179265487699624,40.709981317928516,18.29422330562292,31.750534998283516,50.52849365599096,4.0591741385712,40.312706937309684,MothBeans
89.65114324430124,42.82553888949149,75.72671155132905,24.252970680213583,59.87945340107952,6.413778034387339,126.10928722601552,Muskmelon
33.79443579009045,43.117727687047676,28.615240374813173,29.97803030964839,53.021055618257186,6.978807085256263,81.04935961120712,MungBean
26.174663461352814,50.10309755022336,29.09329070827824,24.104058979366897,64.03109509568029,6.552933873366124,55.876621148563004,Lentil
110.11597570274617,43.44821233050626,127.1805106130256,32.9837299724105,83.49121571214951,6.478588557615816,228.31268576417116,Banana
20.093380492569445,53.51779311552483,24.428164379883178,26.198282764715874,53.820938074134745,6.84190904144009,82.33322309306564,MungBean
91.09306607308281,57.898673671885305,16.827471595757245,30.616771499050323,82.58548460651777,6.048793306325321,250.74804652848445,Rice
70.05720587744517,58.90285686777591,59.677874018561106,34.221334446872575,51.580185816983544,6.618717060170604,121.68132215690343,Grapes
52.221347333992696,58.1882546914917,66.50849782186535,17.80829747001421,68.25562320235078,6.142849504829174,145.27632832609714,Apple
64.04917597816225,43.87590035990241,77.66532717529903,29.369689178866736,60.56559398329045,6.682154880557197,145.25901093009867,Watermelon
39.35127182933726,50.695255196338444,25.630704834951597,25.31414885071928,51.09143301695949,7.187373567953642,98.97890292889792,MungBean
85.77042323618703,59.430696974037346,47.186246974812754,23.955829152549803,62.652083418988504,6.533019761227741,165.2940183428378,Maize
88.03340128313422,56.70374039883755,21.636644416652267,20.087072746165926,82.77501725076351,5.636388015781574,287.8738124581393,Rice
74.45687708901133,50.37653577652415,81.66527421362755,31.391374636822658,68.40728093961005,6.826492287998854,156.7027760113159,Muskmelon
39.93487440464682,58.4087573337769,33.848492513624734,19.08462629635873,62.16927671852848,5.8182469151805005,165.09450217306443,KidneyBeans
116.01783036983556,52.97230491838147,40.39948837727696,30.8100866451219,51.156536555330746,6.70982393027966,208.09764869425993,Maize
77.4018475281413,74.6399493104939,75.74756510723567,27.298179898097334,41.18198693310568,6.387514616383706,199.32770938722553,Pomegranate
58.72840353798035,78.03019130709396,50.37085694676762,21.019827155666633,65.76559624997823,6.626653984308172,183.82257475998972,Apple
118.14798532627216,42.3700617303839,146.1506250886713,23.31236004239047,74.39726148182376,6.8216431711883,277.96228869613907,Banana
112.92211226513209,42.498529556489814,136.41878614696316,27.706246509877353,73.08988613476484,6.356465602414979,295.4475975139741,Banana
29.0502294788862,40.60393654394821,29.337224951020396,27.122624946177393,52.70416230056762,6.568994668437358,84.72180498661716,Lentil
67.63158032952417,69.45231461480003,87.56319270906323,30.598256817575518,50.67064936712792,6.595794932090573,175.61083642314293,Watermelon
86.17903936589526,60.99692362717772,32.58378290390009,26.13486531201111,60.936844481191066,6.747254966357515,214.49091453942003,Maize
140.6512284820708,44.44271386855622,114.18117642247115,28.99075855776662,82.07521470514034,6.257143317439978,236.24558913514747,Banana
51.477709463909825,72.92253341655825,59.51643898688299,31.010511213077137,68.71082304472694,7.355576825168508,200.98618942495898,Mango
32.556903516812596,57.50097642817314,28.120664516046247,27.720747403673208,62.93061940437722,6.165747420040476,76.78508942970475,Blackgram
34.46994826955663,74.93653367253796,16.08473320338743,20.925032816673358,62.53056610834761,4.849410443430898,113.91896714854407,PigeonPeas
29.904708473246973,54.922856448442374,29.50748658675429,27.38161949278607,55.22831684555121,6.009637298089212,68.67068428918887,Blackgram
81.54667517406939,56.42200582548456,33.378158522487524,28.468751720846885,54.11939478844863,6.874502123223734,161.8717797817578,Maize
95.761630905625,63.963560364659735,73.31411452460287,32.83304233862587,61.388818203674624,6.234689261053465,157.40257457299427,Watermelon
37.21398943264373,44.91233462605349,24.03494588798342,31.529018818541857,59.17322231206152,7.465548208556709,94.5200725076955,MungBean
70.91603545081071,48.27968276797944,90.23963342824054,29.612685259397498,55.20558666736524,6.111948378911147,144.08558539454617,Watermelon
55.223822222355594,86.68958684194192,83.75306734088534,34.02937916530564,50.96213394219346,7.455194845377429,176.12733193735437,Mango
62.02962324882085,80.49530095308448,95.49575373974614,27.670547925297864,63.992329490142325,5.810535130189634,124.64610563307889,Mango
40.43681002219019,69.30862544466919,39.3713779534915,26.165100110047693,56.167397497100836,6.158746775923575,82.84471509561618,ChickPea
89.12414701872632,53.7735859346587,23.770103307819255,29.18154011169333,61.73387394865301,7.221268097353561,217.42402742066687,Maize
43.36822354805124,78.91429132615168,67.96736055106632,22.099910655120386,73.00215448810582,6.743855419316829,122.70117165892601,Grapes
94.58940771934185,61.762172169492814,79.69346958931857,29.56703383217627,51.208215290060906,6.882890864189248,139.74459566948047,Watermelon
57.01241904702594,57.40200233026262,27.40621867896659,29.705095130560096,49.718461047633745,6.803190302896849,46.36300927534495,ChickPea
78.92118371940902,52.38313694515034,29.62854820466491,33.81154118590317,90.6947521201522,6.761662450887661,228.23474545233088,Rice
22.049951792081597,54.73070016489639,24.855084866645687,33.60511173550003,69.04709154916046,6.593542172072339,87.55755888459966,Blackgram
76.85147501448819,79.31856300827542,74.90528151745909,33.26746951218386,50.76854921663035,6.452389062908894,136.23870431822593,Pomegranate
88.37871585955604,51.24970916500653,43.206540393725085,29.656070386472496,55.9750738010837,7.35625011053296,183.96519324492522,Maize
93.48565322838351,51.73367386804411,41.150706029976156,23.61424733151845,81.4286317374179,6.372934499757362,255.9309784262865,Rice
49.86737779411148,71.42535623465554,32.47320697274825,25.586942196070765,49.08402369718264,5.714751542116777,165.92078227550704,KidneyBeans
30.59606304470656,57.6000971131656,24.390021105089602,25.6436523049859,64.08975576803628,6.306675989116632,44.95652381011126,MothBeans
42.53593532713639,74.1058637436129,71.89033361343326,22.605248414966795,65.80045668549373,6.758411396011959,126.99120871215416,Apple
83.90737315231783,48.283080596975424,96.38995264225373,25.326999848869477,52.847282436729365,6.897589612412204,119.1062983498932,Muskmelon
30.712177273340203,45.26559521599764,22.555859872003815,31.125017446239426,65.88503385792481,6.416401842625371,65.65992307300228,Blackgram
56.821581863981436,61.99024999201956,36.92257948077105,25.24215650077729,45.011087706604954,7.876275338078189,50.29386019416473,ChickPea
84.61043681034533,36.499432384330355,38.0179897453641,34.86888787571302,86.45735416292472,5.639285797526196,285.8477890637299,Rice
73.40971214105353,97.0179604663783,66.5012897011023,33.80548153148302,51.97674320071209,7.331462568289724,238.6894681672952,Mango
30.1732163398133,47.81853181026494,31.86168783757128,23.25430700701787,50.51281104770959,7.0500286728941886,135.40044665499792,KidneyBeans
34.09173494748116,53.166734912993334,30.09809221772318,22.647756893046687,47.206602871933484,7.2275714330811764,172.48087737146835,KidneyBeans
38.63951562791337,59.88758280915961,18.772811080722217,27.93252996163202,45.24010566690279,9.2602350034059,49.930731932298954,MothBeans
20.207695954825283,49.28105295096936,15.93664671312802,28.682052186041744,55.25172303291417,9.068675024384154,51.40546421650565,MothBeans
86.33042787428614,60.98473495533655,49.72464604843513,22.061901549572884,51.82352332119889,6.557127063437221,169.9161307457171,Maize
83.49677608233222,84.46242398210428,95.33166037524201,28.26983194851219,50.83945921813512,6.003914706060106,165.89951036260982,Mango
61.60223840468202,69.44161148277381,63.05176997586286,34.54114118327917,52.04411844304783,6.714284734802825,130.18531889424662,Pomegranate
28.668288207027892,68.04806054668808,17.541061692663376,20.577591502967632,32.80858605104255,4.533813105978083,106.95096502165876,PigeonPeas
36.340814643052525,49.36877432254842,23.232901816110196,24.430378976150205,60.13800604648065,6.715122844233859,98.74411309578423,Lentil
57.074968761649814,52.271839102209896,26.932535253035056,21.51069792183537,48.340132021483214,7.935702198091843,41.02828280545912,ChickPea
52.476745843403755,69.45583502350829,37.08242772362565,22.1793551158984,42.56044630963409,6.580639830139255,49.76436805862715,ChickPea
76.15413471893461,58.932301454980504,92.48237651486806,33.25498432991001,58.728100266884624,6.941111033925584,174.72475807173853,Watermelon
28.791951895578627,45.65887643183316,20.73269600009204,23.648488018408376,52.29920213416564,6.867039755988662,73.85756494544518,Lentil
56.109676021074364,45.93894155346455,54.151493940838236,19.133641476421438,62.8215168856619,6.416568393000619,194.53898974601358,Apple
95.70232154187474,49.285727218087146,34.26657220425408,30.47279408601402,81.20676581392671,6.681934873222751,292.87920640679533,Rice
26.57675436469192,41.40977861039388,29.946145945987023,26.257790958755628,65.97613563559204,6.718780574871615,79.69066436932563,MungBean
131.78573480629754,55.64484632845396,101.05744552803142,29.263318394120986,84.52170861134941,5.516960269778163,258.0485048293961,Banana
50.41563747834032,65.04835372082849,59.933262525701466,20.02993916290907,40.93325711868589,6.398179508373469,194.19839686837543,Pomegranate
34.79015329194677,41.27059434262692,23.299578592330317,26.715299806816688,58.77943452319406,6.071005826067048,64.03847081609844,Lentil
43.521604031246774,72.94125331292501,52.05326894424437,18.532776764036356,50.11989313145501,6.727699342287984,105.12525577281687,Apple
41.61984892140188,54.03691423458166,23.15911228666817,25.49776385124665,45.9371114016655,7.203574060465737,137.4750854436067,KidneyBeans
61.114354681230225,45.22034936564185,60.72662312593825,29.598699970755,62.6132710534158,6.5139382221099424,139.2774003572935,Muskmelon
36.153929737387244,41.44756194985831,28.799646039694718,25.590298106302555,50.493585990900975,6.5904026644998,78.34884448345406,Blackgram
36.71566415659155,70.13123267416024,28.51576182506905,26.49869175062294,50.59578031886686,6.947727520374374,86.4117307045714,ChickPea
102.32840646990653,59.704570500733986,27.949996383039597,27.630566073496695,72.17054168137118,5.984524693585573,195.93345307858732,Maize
44.73515812227545,56.68787219923982,32.69987391874628,21.944897750269437,50.405324650592135,6.159792172303903,41.21759563542009,ChickPea
73.77093880386833,56.91367649498209,60.52296756844216,29.732925382638918,50.20695586826171,6.83541013941047,111.20380151312285,Apple
47.45450291578331,56.83750511068854,67.67546285757076,21.52101589914641,41.661527078310165,7.230830190312345,129.62218259361586,Pomegranate
39.64499251688049,42.927544829354616,25.9472836840743,33.80839000166093,57.701342538653584,6.530938507728624,75.6106515586905,MungBean
117.82406277671146,52.40848910075352,32.54668823109246,22.80599368535173,71.8743839464791,5.56213962832509,160.60104679054206,Maize
36.29779014573164,51.13843121952222,37.829539302003056,20.656042214083072,47.39669461874459,6.951094427085336,87.80640407817313,ChickPea
34.009747947986796,42.58003411790909,27.586578050887276,32.68112254304156,69.70704136410973,7.023938604909923,106.06742170843555,Blackgram
125.92905576762122,49.25360316733545,105.87863528290565,30.58453961692853,84.39309027866543,6.233295273663062,253.44557097277206,Banana
39.47871015833194,56.18482444243775,26.545700894320035,30.339730448983396,60.919462443306514,6.827632316328458,110.19124410810588,Blackgram
72.6073071017468,50.859277066185726,98.86952657132014,29.46101299332086,54.8793429164053,7.405132711148967,169.3084487508234,Mango
73.21714079561247,85.06862123457846,59.222154846510946,25.8683577146508,57.16535741119085,6.926304078345538,216.0012024002811,Mango
60.02731011777233,68.84598780338524,46.00315495755622,28.641604425633258,65.06685996777802,7.358951749601207,102.6441225747043,Grapes
95.69703426117496,50.43233531680082,37.62612771126167,25.111128336639105,85.65220478359849,5.695437874489771,249.04469922399983,Rice
27.442631910773038,69.59801537740313,20.32530764661559,33.48943280768037,41.72918517998267,6.362163043288834,99.34745775235902,PigeonPeas
22.62998600627763,68.14004757046499,29.42912113213226,25.46343952544193,59.02131513001665,5.80931158355721,155.01171600218623,KidneyBeans
25.254811679683097,46.67183704177841,27.199324952347283,28.46122880748062,66.92686597173646,6.854463756737312,92.21363415634346,Lentil
38.28231341750557,72.70667722033409,15.609782039788612,32.20940801737365,62.18314711632835,5.031820578125703,107.50742215301253,PigeonPeas
43.01858860555541,53.87726812879292,33.22690682457559,26.822506922311135,46.668595198222306,5.870948520343637,117.37828206591317,KidneyBeans
25.67710718587182,49.14114442407538,24.290124774248014,24.308366933518514,50.16301863259866,7.140612789529721,82.01097617073073,Lentil
79.32847608183889,55.44880651085337,69.0799760679655,24.448277533770423,69.97063375052582,6.3973084418050306,184.18306339743862,Watermelon
98.82783519179006,62.5744096536071,87.94296651622788,34.587714077078076,55.59725580434108,6.316952148218999,196.76392948016303,Muskmelon
94.47000300167844,41.40886104827539,31.068897798300643,24.170455386033012,72.89512425532448,7.338467756582696,166.98299332082368,Maize
48.21499210952354,58.25333344383414,75.73346522242406,34.07983386694738,69.16359928395283,6.924614797309043,105.77777391417766,Grapes
33.11548904164064,76.8131690112262,26.627598308855916,21.056693275050737,46.79947579821119,7.096555057912431,41.17883639990204,ChickPea
113.95099953280177,63.5558947860176,42.89544731768599,25.865127337597734,65.85243792565083,5.583754869766221,201.1075860170127,Maize
87.68354901557251,51.847220744959955,25.755713406575715,31.19864461788758,81.13173766950112,6.223866876378493,247.4977923608749,Rice
89.27322044384383,88.51929448183868,59.68155439067186,30.48642596140195,68.4883054650387,5.765868275321758,118.62012593835345,Mango
32.54054850520495,46.67114224777029,20.388993545090454,26.534256963158597,52.96271538195629,7.111781806935879,56.0074041503894,Lentil
53.36717464677847,68.3983559029121,72.29283905673174,30.78625946229824,50.170478904720895,7.057587027237623,136.58024056374776,Pomegranate
77.62778276044418,45.45319336632018,67.62467354176232,33.713442582427234,62.86120008276917,6.560281611912126,169.43307686443848,Watermelon
43.055755138187045,74.14916270300142,58.91042998003842,29.82393027351905,65.85552671475553,7.015466487789801,117.00513629148597,Grapes
28.67180081839895,57.926307909406795,23.941408656830568,25.735207126642816,66.82389551966247,6.038768229385992,60.500320145580105,Lentil
116.60022693648689,42.14937978581414,48.301214138604024,19.179126460207975,54.64701994148508,7.4548081552180685,237.22326043457298,Maize
87.27114732560241,59.1052588710961,31.78130568525218,30.152208260986725,67.66508720461948,5.774910062764113,206.859317694967,Maize
52.01363318816733,71.72554534253409,23.04064953045514,25.379440667334087,48.28079014431963,7.103307037690016,99.8224750517725,ChickPea
57.57002802100939,76.21835575593082,41.428251040170984,20.92008101460653,62.037755103811186,6.359560309020468,107.94620825780034,Apple
33.969059456052236,58.18527972334422,21.16752810542117,33.60344870682117,64.92756598215058,4.857710711237834,111.66357123120474,PigeonPeas
27.20804843225473,41.49208626183984,21.36121118016463,30.33670807766874,40.97864582231224,3.847315019335962,52.13904212433602,MothBeans
141.43759219070938,50.27463539682137,116.18076261859096,34.17916939127939,81.9722225454765,6.053505269814059,250.38054346493357,Banana
95.92275951676353,44.29289464504347,42.58321163721567,27.184489533683227,92.18875898559797,6.761260879577616,218.67951242742987,Rice
29.6522771752563,43.78867449401349,19.9119038578966,25.086549101586993,52.03741048698331,4.460874279637622,66.91058882535032,MothBeans
34.01012462677625,43.567785864422454,25.432176156577015,18.437692946255765,50.05806930661498,6.433555192799426,71.32401622514894,Lentil
26.871685144050232,58.98903240658119,22.574224986190544,26.246750351775567,45.606552214137395,6.265241783920442,138.60046177454146,KidneyBeans
60.46142412482261,40.57611225481515,69.87133475935674,31.25095575011341,64.66423773628414,6.297083090840698,190.46904310842137,Watermelon
141.1827669105861,47.565789329619335,104.2919681606403,23.813797777592324,82.62894521792198,6.565001911486759,277.7974189050814,Banana
139.83273817987563,46.94301692501827,119.46862958868303,26.217912557370653,82.94885581101016,5.607577058159919,212.8577300838541,Banana
62.53954387373624,68.74870668219427,43.9318396750171,33.08137218985812,55.737459860438136,6.902720767272178,156.72267723314525,Pomegranate
46.4515233674403,69.36785977351168,17.927884594389404,29.408414095332954,62.56743569147731,7.1973214114297335,137.75398383396586,KidneyBeans
91.2237750254859,80.1971019591605,56.544176657726524,32.84223427125038,50.443703577544206,6.605426344609354,212.70296989265998,Mango
36.88431233368699,66.12285589377534,30.708372239516304,21.184660273063653,40.89309665163666,6.754026529256839,50.53805084396685,ChickPea
67.37262729319144,57.89853861527298,47.57485289879097,17.523484197216494,51.860420253193126,6.804004350982308,139.04951216606722,Apple
33.81259098275022,43.753800744313075,27.89380177761818,20.725177278698613,64.01140588529658,7.174211799103848,93.20491799664899,Lentil
84.47103719968172,48.66573423650884,93.27868096723624,27.738612913823697,51.19314987374299,6.650569448075883,188.44612564215603,Muskmelon
38.471596777179634,77.756894990292,15.790547846450238,31.78249411652797,61.049024114689594,6.736025953018313,93.9620736751231,PigeonPeas
94.36219951450632,51.24091024487016,40.145852416305814,30.162954031359536,64.74679744501421,6.060458861091381,167.6311013429604,Maize
20.065921672922695,58.270244850526,20.17166271869631,28.49214862022023,51.286930780284514,6.418492200880932,62.5528339704329,MothBeans
24.533733380268156,50.303148059734745,23.131362686144787,30.009926429120863,54.352857118904026,7.056394774950517,70.4280991855524,MungBean
86.50003683069426,49.1320874796108,47.04174379489682,28.613463006665633,50.96134777578801,5.5615185904513655,249.5418378510431,Maize
24.791559010063605,56.94419931809181,28.827877185729776,26.046319941901483,58.71638400721584,6.952741605602315,94.27891086057483,Blackgram
77.20582803241152,72.48108527103894,62.14864591804215,24.22933375788259,64.68214896336549,6.094011846673106,130.44679995495193,Grapes
23.13615386301958,55.26705316572241,27.120304346743197,34.97696143533395,59.40033226324351,6.461115456232095,67.92757611552456,MungBean
46.152204304142145,59.760943659051364,24.684465885227716,21.59445531209346,50.812534562890136,6.243112524541378,78.32521253143832,ChickPea
85.22784994025457,95.41445262423494,93.14013549044118,32.47552384207253,60.327955968014194,7.131882976421774,133.28119420146723,Mango
39.19320569046867,61.258004374495265,33.168263183175114,22.940746018422242,44.16981533682975,7.427188832617153,47.93022903432085,ChickPea
26.7987363982571,72.357444693826,17.334310231884825,27.891848239937314,43.11580011531007,6.3134468972852815,183.48559681262975,PigeonPeas
50.13028630779415,95.0825912544867,58.43754374622393,26.795835230354403,66.33202978591379,7.045763414023735,234.22241795270537,Mango
77.54700111314527,63.68631327392336,77.03063035759023,30.544866109861744,65.43740373725734,6.705801142498908,158.60814864188978,Muskmelon
40.23014936868397,68.52191565434158,15.35327791411312,27.593823383639958,47.46996497726303,6.509130001386824,135.7039293222602,KidneyBeans
22.874072627278366,70.98096815836323,16.493636942995867,26.1295099799528,64.82383090420072,5.930960659259535,161.8498446118819,PigeonPeas
69.69652952633051,51.456859143456484,64.65626558275204,23.766100248416006,63.412419937201015,6.366175476105904,136.99625891721013,Grapes
85.29399657362812,68.23163272729855,74.27848280857367,34.215097209270425,61.91409319300036,6.389087585569964,152.06113590060062,Muskmelon
92.92390170257869,47.97818833527923,21.385761612451798,22.274586971151468,87.28166241161232,6.086178897412356,224.523190525682,Rice
65.0699572218856,41.76427691859317,62.46671318101535,29.85960467615846,68.20433563334737,6.134082729803939,136.43383667759517,Watermelon
74.49040150129639,70.00011276555044,48.80381387360735,31.23179042742659,47.40907480311617,6.654765374758479,155.8881189323597,Pomegranate
22.24783859874943,54.04971813905394,24.819453950814665,34.42792348659994,52.60327178331309,7.148159804018973,117.13453378502226,MungBean
26.515509702287627,58.03255697903303,21.5255775300345,33.809369602701494,55.308833158019716,6.7676866331766385,110.2727290081665,MungBean
49.64794859134443,78.67124758551138,33.88284265021151,28.713026035134327,48.77990850096708,6.985733029938294,98.68164314093258,ChickPea
70.15469365032354,45.197137107520675,35.29660483956953,30.898352132668034,91.26536204355699,5.035236089231889,284.2508258676253,Rice
36.07361992098235,55.9946511083957,24.123458139169003,22.549382799167226,53.01081353731937,7.2390850548891414,177.23010903910716,KidneyBeans
44.445640760782624,65.11335936551122,21.17890766442171,25.161001430009136,50.05191923875971,7.006149325279588,69.60413569392338,ChickPea
89.32588478086774,46.58162651386901,83.63308284213052,28.090115434199483,56.691305371256846,6.491899489861194,121.16675092596525,Watermelon
46.36260453630556,62.51802143757203,59.926676777813526,25.105596959392766,45.651870801898454,7.03123022273932,115.50096044070047,Pomegranate
43.88787381666023,49.40533929544901,46.58128564695102,30.881998805964177,43.766594454019675,7.299076232180199,117.47985307530048,Pomegranate
23.626577654100952,60.41897491979176,17.070582590177935,21.310154642352842,47.886454350301946,5.871989319695744,199.06681185311677,PigeonPeas
144.6874092824329,51.50232050980987,100.6726788722087,21.444038958035392,86.39610853776901,5.593985017504444,275.8586938530749,Banana
59.73349158830387,46.59200678422544,72.87329384272567,24.990159209280552,54.13886173975361,6.451893858807356,130.9666336571293,Apple
27.873702765544795,62.22552871585209,17.083422747496655,31.40903018385064,62.90152248925611,5.3149915319361165,190.76430438975052,PigeonPeas
48.365284557573,57.70197185740932,31.802475555880996,27.970796076239374,47.02677871079875,7.556013158534849,54.71526783853779,ChickPea
96.99180632737072,50.24616779287567,42.60014022420812,22.197353898850544,65.41305733606545,6.259749773387786,248.4271861171015,Maize
75.04530262699012,52.70197064825204,56.507686310485084,23.211823571686786,65.07816321444675,5.995036089523584,150.94852079230992,Apple
27.78195737964863,48.741173693029964,22.114799248352135,27.271441632525757,51.077542262328194,6.696926657079755,90.0583172036909,MungBean
38.9051220577067,46.92407047376729,24.77642456462938,25.12527193428826,62.518477706521175,6.087347519748726,89.6314883643097,Blackgram
96.25340344726595,45.40794235284467,92.75291150276877,32.9249305018288,57.53514514377569,6.662280144493265,167.9535586003245,Muskmelon
88.55389032646764,67.49036350897052,83.4061911453307,31.671137760187175,69.9181626980077,7.323327511759086,151.871101320741,Mango
78.47325281817822,98.1000053096266,93.77129160589706,31.227337812087573,50.66072046226583,7.444124848854044,218.76326298974618,Mango
75.98499507615021,77.83649334989835,62.09086081460815,32.86419571250943,55.40897270305824,7.43237067909353,213.51719294789564,Mango
33.93538618207201,73.636551709042,20.297295381006982,28.88532992032839,67.21937954510635,4.515744206754253,143.82504315610444,PigeonPeas
41.28227641113884,50.94130639635604,31.149624968011942,29.149721541402563,42.72947233527289,6.949710232863037,57.21527186123155,ChickPea
77.54722965328499,55.716904285625894,58.6417795283905,28.284665821434395,50.620073284061576,7.4820498226613115,128.31087085459163,Pomegranate
79.21408429911091,96.52087102332925,55.30762556732373,33.472562312382614,59.00242958551695,5.840415783143579,156.64530051457845,Mango
32.147816805994935,41.68877559668007,19.411691563252116,30.75842614564325,54.758764940374995,9.43779237387347,73.65184391068492,MothBeans
75.15884716198046,57.030797135867545,95.71311118024893,28.79848771138283,66.54482482725096,6.415368313497496,158.4293916128383,Muskmelon
34.58538888889575,49.436863562439086,20.797287186820654,28.01907786576228,52.251240924683785,6.017221112272522,69.03184071224743,Blackgram
34.20609738744279,71.05911445308082,24.547176520319347,23.831006587386327,31.00170443032917,6.631543708266433,129.53670110126464,PigeonPeas
59.50902473799204,63.58975804471205,77.5545528124035,31.2121281104982,56.16475959423178,7.237209180349212,89.3840376290837,Grapes
44.03493104147706,58.85110703573419,47.46633564167062,31.973148221856075,50.1228162019379,6.088763888705378,81.15915452869062,Grapes
28.12694645050241,58.7825578777414,24.119065813497983,19.873026492546234,57.354775473464045,7.200798874029442,105.32751565124506,KidneyBeans
70.9952380989988,53.81353957680382,65.81507569395389,31.033168647001148,69.7318252873349,6.751141583794755,144.3891508045376,Watermelon
89.1846131201406,61.32700975828452,74.52780334210149,28.34796462817961,50.98650556962009,6.089377512889211,107.08669741451101,Watermelon
73.62655376880195,68.05966563568349,88.11171399894377,33.64231755493405,64.78865883299596,6.280119278563533,193.68339343698062,Muskmelon
117.2202160584514,53.22799492937034,20.262990744478728,30.288957521132318,62.44571915561522,6.169664600776852,246.11792170687784,Maize
88.03766760167261,66.59284960475861,77.99080705064502,27.741459786183945,67.97653468848007,6.2420039847308235,102.62908969282239,Watermelon
25.374002196620705,73.49545069520715,16.879332781453986,29.197243759531194,48.06029019463112,4.5491644418070445,99.5856317000172,PigeonPeas
92.36232096682404,48.03047820491177,83.95912997074555,28.367240734140836,56.674155054493774,6.1869842982158305,116.97280206031871,Muskmelon
36.30953052089414,77.74293422222038,20.41769151268076,27.13438982744039,40.197150665189845,4.657713994858857,145.5348009604144,PigeonPeas
76.69667255265041,73.24165748965,75.98624514028975,18.849343339522946,58.623827041106836,6.098554508146035,172.87078545350627,Apple
32.202124997967545,74.67726806123287,28.83356973470469,19.227367400187937,50.44819088146281,6.324407372869665,121.63577541617741,KidneyBeans
25.600833531541305,70.00105381662283,16.48202288333996,32.61179640982655,60.4464431647433,5.008697772736513,103.25400718780506,PigeonPeas
30.966444873692666,66.24331749842055,37.116110160203185,23.79947513662658,40.16678000819512,7.126496783878522,48.734110599488616,ChickPea
63.78957196601695,51.64358578241726,31.14276114570084,21.81535643404229,89.46408013945909,6.5925537230414015,238.52468718643482,Rice
70.4454270059046,75.01884041718118,78.32960313401385,21.84482209165467,74.75509650774933,6.799904041126713,111.56831765373404,Grapes
102.08786083534072,53.8761110008349,122.9195014203978,24.23961385030153,71.66539200504505,5.691423231396953,228.76767544034382,Banana
47.11370259447683,41.599024125524224,69.28275283478473,34.02698240174789,58.50667655842,6.805577338382412,139.2270514392838,Grapes
60.850672201823365,59.073016277597695,44.52033409627604,15.832121853085509,65.04409814001275,5.801485770576212,115.25646253913816,Apple
64.32037212866814,50.586977626589665,91.5350288730586,25.62228363019588,59.29104472695174,6.91659741971539,117.66366498658493,Watermelon
85.90121302323686,96.56790526060196,54.040363625732105,27.695243118780358,60.2270739485142,5.941933730550402,119.28564024376563,Mango
33.30315527911175,46.6699455968466,22.83299587491497,27.450717253980976,63.433217808833916,6.74999474176742,117.08927277525234,MungBean
53.18881454895293,67.79580148716599,53.58506586686531,23.023450754082663,60.85767824132926,7.233520623072974,90.68344336710388,Grapes
89.42132973081277,56.81043269753183,26.146216622625797,29.87025928315548,66.59350373992217,7.3556380314156495,186.63245918158339,Maize
91.54994330932234,65.15595990038439,75.37059170420295,22.118161722003197,62.50961237213208,6.347212447621663,102.67559515410902,Muskmelon
44.04682458804697,69.7838214753401,68.75906340917496,27.111421294259344,61.85372433541609,5.575180594731281,131.66739434731656,Apple
87.85482059707448,54.97227076931456,93.76115330436488,25.842011009472564,58.342527423042114,6.368777465877835,183.63464658451716,Watermelon
93.17453432129187,65.50171573175983,89.38797540078605,34.721064520092156,51.16656846680391,6.338202896792196,106.1468139504735,Muskmelon
27.619090465154486,69.86775307572866,23.75423981804622,20.920907404570496,62.54631379361628,5.920506563603432,106.79375218429831,PigeonPeas
95.61901406970532,69.95707581049068,64.88723846050625,33.07298638721476,55.10646504773152,6.087436423473465,198.64722359355693,Watermelon
67.08837870574071,56.18203072447704,88.63715488604923,30.47102404982825,65.39302453386016,6.360898186318866,149.00380188057028,Muskmelon
25.046608090720344,44.41097911622605,22.7749367849804,25.70123030980291,46.80136229899213,7.706763562038142,59.53290040942723,MothBeans
26.394824429228915,53.117905556443716,20.594286385104084,31.637772331016674,59.22235608114871,6.00584467539025,117.60167601392234,MungBean
67.2146280454504,64.1766202916539,95.20423958054215,26.24845504726606,69.58337708669293,6.4519660133041965,164.06534825968112,Watermelon
26.154683339227798,44.11741379165629,23.76222308154548,25.74083328052276,41.47796531858609,8.218783824390915,65.18958293045837,MothBeans
84.96943178036287,65.25781993845264,99.32780226532756,24.005676115490527,55.28995880099736,6.946080451574366,128.40469214914773,Watermelon
30.610360838597884,63.46247040106484,25.951001019068563,27.576990563932043,52.847098742705185,7.372295814512301,178.54239135120537,KidneyBeans
102.20548916377467,42.23955276662589,27.515233795707182,24.213302168259816,67.21428357089643,6.065467055976816,156.538396200845,Maize
54.46645711894021,69.367900520343,26.250473574556253,29.252822947242652,49.30865263245093,6.790787115057597,96.98469420702382,ChickPea
23.11693062665528,67.06835062269968,34.11890193676341,23.463484076565244,54.71585210342333,6.139073797153288,103.2938767371803,KidneyBeans
128.23118755508767,43.56647509397566,134.988432876606,24.50744746507335,73.36967440314518,5.605852538960767,203.7598076307356,Banana
25.974166587159267,49.28342896092655,26.6570370018073,26.8620446429001,59.46442521163089,6.282403850994766,80.26370336710346,MungBean
72.81487446093544,42.7068790058634,63.35225068236231,28.665829781819813,66.65302550737802,6.245430687007412,136.51206152867536,Grapes
56.62622688854873,57.2702983891525,36.55750436165659,24.533783711330738,44.08794559260072,7.615405728496983,95.89516023265065,ChickPea
71.09891312367279,70.06631846048006,50.75851837590044,21.605345247990563,63.63887198097174,6.431729781844863,123.1964875650953,Apple
26.861839680641584,48.01742484964338,29.15155316556266,28.11143658609228,65.54012791642974,6.390983035083929,105.89774238802546,MungBean
33.179178709232076,77.91681029234181,22.43473292016187,25.830359447719413,60.19258435972185,5.468651184629238,159.27154540051106,PigeonPeas
62.30157815238233,77.83582152108659,56.835391001851654,15.671505993125017,63.25174178922059,5.7511772121173035,119.03627011918928,Apple
86.96921643673699,53.10946846935852,91.77999617726778,23.096154540674014,56.842635331097625,6.055147574186355,170.06155820510153,Watermelon
119.43476374547232,47.559123238407174,29.76327577996471,29.24197242534096,65.99135441211789,6.327441787024377,242.1929553114062,Maize
20.864662321930865,50.92948873915785,28.73555813878044,26.105457547685422,69.14300511277423,7.408729591908403,114.48227532026021,Blackgram
21.093536704093708,40.79495149850322,27.16711645455285,29.664337790268434,61.309576911998384,6.562603745123059,111.48007967173393,Blackgram
27.68359506119113,63.550736065473394,15.477767203593157,28.61834943882522,35.276768634498566,6.4097631243672275,93.90710357175186,PigeonPeas
28.08631537204171,42.33322860421868,23.7370447266165,32.34265481614236,60.271430744591285,6.590888330127527,71.84835651875902,Blackgram
35.12648430956787,57.90760292286757,20.20450391862994,31.541322337772126,53.21400813003061,7.251079981298769,81.84332398164551,Blackgram
53.171958539218046,55.68654804802532,82.45310589906487,34.25716797653915,57.00440074815855,6.825941927179851,186.41717989748878,Mango
20.959784688529933,67.0945300464706,30.449398338587677,25.925353444913043,60.35162365695958,5.594465164762186,140.03784494416914,KidneyBeans
136.3207825043941,43.84237595919113,148.86589728721424,34.000571588949235,85.38417057670198,6.656071238766737,230.40807568329166,Banana
136.0798674411146,59.75030163817411,115.38109174818939,27.57782528508975,84.82018949280356,6.939283984408633,208.46119080610893,Banana
109.66419380929435,54.47500865228477,114.26761509691158,34.991452447518085,86.79081061363728,6.473834214930046,253.73979816973542,Banana
27.51846115819995,43.29221345557454,24.125518300529293,24.155296733351726,53.5887605377916,8.32464436708554,43.63331660955032,MothBeans
100.57272743671317,49.28038379179493,130.63313148691074,20.98833127855403,72.96194316608087,5.92064666605281,255.13800484661368,Banana
51.11095385708518,70.61797998831868,61.679855858438586,21.993607018721544,46.353710174046846,6.031869521550144,113.11619883953284,Pomegranate
36.72787543703504,40.93706419653342,19.923184907243794,31.608923764841272,54.27971840314464,4.455201400258181,50.54083352049878,MothBeans
30.476677444320806,41.71652949514636,25.53465208011249,18.20022588358334,64.72075577206091,6.894217139260263,80.35995131548724,Lentil
62.08878792440993,40.83072950969904,75.1415265543169,30.299093271403265,59.31155413776106,6.725005980356755,154.99883397475278,Muskmelon
87.37927829528498,85.77302164126348,57.296454771067154,29.635301488251287,68.47724857531563,6.317266869760683,120.51337198384525,Mango
45.12107329981441,56.94940205597531,22.73782871419167,29.16694574645206,51.13529114713642,6.5669256258619875,85.59752335123635,ChickPea
87.5167885774653,61.77098957375348,42.498334431605784,27.320698527050318,62.950574657585555,5.987011936948581,202.66605148393413,Maize
35.030866650396845,51.926522843964165,26.04469492652602,30.682988015836973,53.05444999851506,6.883751669424781,103.30847759629755,MungBean
71.46529798125255,73.58363858469632,60.224750135219026,26.24204910244179,56.85517225925368,7.011974529700694,112.01613005050287,Grapes
118.11744087762051,46.70887774669484,132.95329174805786,34.30680899860184,83.90624849785473,6.219128450273815,288.29341309092655,Banana
142.44880050663215,46.0004146237023,103.88017072077169,24.135685822835953,75.23812000810585,6.602292561012025,231.46812221038806,Banana
48.81732064379507,78.5299872411749,54.80410733704635,28.076428918503964,65.77866598831231,5.501510025192106,181.03051886286386,Apple
74.36599024525032,40.42520119279431,38.20181748626682,30.592943376618052,88.79627578880789,5.226398213526934,205.26045503425672,Rice
21.140234458246695,38.661690602471175,16.250432400912274,26.9778742833664,52.552414234815934,8.770967331279177,63.29310634621176,MothBeans
25.149417376796826,52.033878355151316,28.97252330127241,29.30387802413061,64.52054682435244,6.143422292439228,71.3595822595127,Blackgram
87.32342570402164,44.58244228891994,24.134581635841272,25.75928155753887,81.01891284914672,5.39372357142506,220.56200310724802,Rice
37.53123128693679,49.338581897847654,22.64313934382669,30.934341590749842,62.92143576363517,7.294586457620573,60.31298351137829,Blackgram
84.76560374195478,50.02840097523159,92.34666818664627,33.50473621511369,62.73993143282682,6.4186244098429315,189.08300989222568,Watermelon
33.66787102215619,52.46748559069097,23.105982978042306,28.09986939618493,41.08194473267621,3.6089039920555095,61.49240227058857,MothBeans
62.924772320918834,78.79462976458228,41.712272297626654,28.019859421234766,53.90099513373838,6.805273652743863,118.06620836537223,Pomegranate
135.0299651597494,59.79795598423483,127.2503201934215,29.05494253897293,70.5622920800946,6.479907437862124,248.63494982283356,Banana
25.583057695292215,44.44682855490197,22.39466080290636,29.835146375997567,51.16018671446656,6.715209147685597,64.91604925838374,Lentil
66.97420395999393,93.8457521348368,60.20771704312915,33.697773309139265,52.89561555841254,6.762979836282321,182.43023215365423,Mango
44.149884135462074,79.17884576375539,59.852483167980594,30.43703689023236,55.23653614374928,6.845394724181954,188.16886241265865,Pomegranate
96.43954366573794,38.34759595345674,35.10776407702677,20.229001446353845,85.15048978560975,6.465249034789009,260.67947729890375,Rice
39.19980782570221,49.749249201788935,16.220924936879328,20.352131443314335,56.81391121206899,6.907434570129265,116.98912255688553,KidneyBeans
73.06238118998886,56.91447273237888,42.690518162443226,26.315712782732152,58.41024391844293,6.230318562736488,118.88288597166542,Pomegranate
82.0061987260853,55.17650744116314,63.45501304711228,29.482064152449635,57.77517177749106,6.654867795338904,100.49073491014423,Muskmelon
92.65165155172146,43.831080426751576,26.362573132371608,30.91766242507508,84.63319019685764,5.75581565013179,208.5470369846879,Rice
68.19644787094073,52.56104885251809,44.154676573273626,20.86114604662987,44.930611070773,6.28668658070034,104.78508067024498,Pomegranate
52.90119237386904,47.11260310069606,62.42541687880449,20.09958928528185,63.3625854752894,5.714816126127223,142.51922715191625,Apple
33.18205344838793,54.94350050023863,22.04750234884103,30.87543692331001,55.734828733627694,6.218403684842016,39.25824563310918,MothBeans
26.066391295706737,74.0774951016398,24.621194603498648,25.17842768151005,57.25949598574417,6.666006376342224,100.11724844749826,KidneyBeans
65.31699789680104,48.299457991899146,43.3036839758929,27.144366892958807,63.2639436233147,5.588200355731791,191.4496660604106,Apple
63.73872764977208,48.68556414038055,82.8867995387003,31.79430127621,60.749204800558225,6.966214626121177,128.90527793002155,Muskmelon
71.99105330014463,51.06923329393263,73.62783014688004,31.698598270673813,61.72479072919458,6.450733395695625,126.626612296112,Muskmelon
33.26183983608597,40.32056935646072,24.024196390030724,26.979709816466215,54.718089057120295,6.494033959311483,73.43316709339675,Blackgram
49.20852092269533,54.971840016654056,75.3072772961725,29.049763363379274,69.31763064933934,6.569626430312896,86.4328055346506,Grapes
38.16395119560393,42.7271203295274,29.331702177680455,33.014049982805034,65.7150844939469,7.0025840282483935,75.16748774839712,MungBean
31.666132219025943,65.64456416047273,17.618992442385334,34.43953869980875,52.988232978283115,5.107271596329261,198.712819096048,PigeonPeas
36.392616846710425,52.886496175344945,24.3940429160329,18.593009933325877,69.6505595327452,6.885151342908298,82.58792173273464,Lentil
54.04493671572355,43.98806439590804,77.96052823778032,28.48835155423197,78.44599179130144,7.445430762360607,101.71421014770866,Grapes
39.607073531849146,41.74433435698642,23.3416104446104,27.815784596123375,62.23854364564936,7.01764825991498,114.99379793860427,MungBean
24.41988852730944,73.06282996837508,26.004736381142095,22.63936174015094,57.627194353917304,6.972359912779296,108.56266325837842,KidneyBeans
74.7106821484638,57.58374094410266,69.87855330242262,20.173472624808475,54.84044238647873,6.600536252715606,123.23268704417515,Pomegranate
62.36472187341005,43.76875641696762,51.38248582385093,29.80651263691317,61.69390566005403,6.057903744662568,155.3884708697552,Apple
119.3200265452952,48.15072921587519,40.406141935054535,27.27263831383029,63.910061165769065,6.371150653119441,229.70882664116306,Maize
53.450354178146924,62.144276415800334,60.174735086270225,22.680471253134957,46.315965134853656,7.428994038043173,162.60102219752997,Pomegranate
38.62872440044462,35.55110980388481,16.347336751169458,26.361127994208395,59.02406690741773,8.625174718068862,57.50107943227158,MothBeans
51.35627316874126,85.02725116303219,88.94367207801002,34.26674338593381,58.61338220312014,5.864469833030655,198.57580300004207,Mango
27.624057257832995,58.752285599489745,23.87129976292051,34.43837362887991,61.8367066599903,7.043680615220806,107.60198589970298,MungBean
61.17624451382656,40.99954018801722,78.39850845800939,29.899738567987963,54.44424033094311,6.242311831805141,139.92116761404884,Grapes
42.65358854528541,41.90551021833384,62.478718384952515,31.9470293748918,53.105551113096396,7.371822361830466,185.63397199477322,Pomegranate
127.17751679143984,50.24404241134205,137.15771268240013,26.59840870411134,74.74436107306896,6.040185941441154,281.1544330046614,Banana
89.64807010386303,59.411682585767885,28.29200439211092,19.42814391334825,67.14973529139665,6.382391464495972,170.17853127517182,Maize
66.46282221154655,62.43006203084121,61.20732483208525,22.192538371399863,63.99206818932791,5.552871758651552,167.75126158142413,Apple
38.337907027738304,55.30313255749552,23.665473383373374,29.65980885123087,66.4786039873095,6.193928478596463,42.13769077630694,Lentil
71.58856135337899,66.45346021139542,64.13855370232906,23.39453474124469,54.37334459676339,6.885122126619947,133.8260167724809,Watermelon
62.37298003311555,66.30182328486691,68.08496180240314,29.210804933386946,67.62432349127542,6.602959655926897,125.86714448137955,Muskmelon
36.907705303516494,54.29255423384237,16.478960529613513,29.243398132891663,57.65596200656552,5.375479825369572,49.43780033122958,MothBeans
66.24823874473263,75.08615422115531,69.38665415348581,32.2479686947103,59.41585511019481,5.899019285145369,100.84960722908393,Mango
77.85187880307355,57.077701438910005,35.06170375184485,24.300451623227406,90.67444884567021,6.266806093554769,220.4121511314713,Rice
43.73899881187407,52.06354197108966,20.470733086623216,20.56751142532471,40.22819259579646,7.011923551935051,84.45342006517703,ChickPea
38.742391565678645,72.90117626609435,33.90454758722755,20.272278495671753,58.47760311128104,6.8029349930967244,90.62100006397625,ChickPea
62.2853287693841,62.07662742997772,72.71513079650013,25.43092486113387,64.12436092996546,7.091584324389714,93.00793634504089,Grapes
34.92094763431094,54.4703103739448,20.063484577437315,32.15187436492614,68.25153444419875,7.076137764607531,82.85298372021029,Blackgram
35.562803799129824,67.41575760969353,22.330356550143186,29.490478096635417,60.180971229973856,6.221317718677091,118.41309930277566,KidneyBeans
65.48041954030143,73.85390489725327,52.16309737783423,20.842923939820746,61.489102220431576,7.438829663159988,97.22457880737446,Grapes
27.03013803043883,54.440379207382904,23.950647778914032,26.01520025133724,55.03167303524471,9.414701159301876,46.19142846875764,MothBeans
46.1503165926989,53.76673758135849,38.75456244572757,20.790748182025574,42.9367333805683,7.74625396612128,87.50864391793081,ChickPea
42.944006318266965,63.57952166608919,76.40887991923155,26.056528836589056,58.98202478794494,7.3601907482535065,102.7527617275258,Grapes
83.3824740704347,48.25472193570632,39.40634845372826,23.025490478894028,83.88549193917541,6.114783456603133,214.8834169746077,Rice
38.64965190884171,42.23173668821289,23.217946312280272,24.619355230175348,61.005512042857035,8.293844844031842,30.75003859126289,MothBeans
24.82621700385826,50.40263948204465,21.922781084884093,29.133696755827,52.854474783388966,6.6997557240121255,67.44791483891728,Blackgram
81.23328445823775,55.863446896603016,32.87898228827595,21.311096459684876,60.23803651458755,7.284362770016162,209.87388812626102,Maize
71.47710700585293,46.19269592070354,55.14894149671554,25.59705969156701,61.31760741547937,5.665817155826348,158.51542102352713,Apple
58.79371216846046,53.35184549033311,26.66993514151023,26.943203650031023,58.43120658700475,6.44001470272133,81.94312442415188,ChickPea
75.2356302280072,48.65110436622536,22.74851577619043,32.945123757521145,93.18056009204211,6.281602404352014,270.9105423556724,Rice
104.83630372644629,56.05698234612714,46.8445282850934,25.23766513901672,57.03411429422458,7.3057553129583805,174.56158029516126,Maize
33.8205982383516,54.00383825096536,23.215672021246824,30.43963862680576,51.79119843516966,6.906198277701352,83.48496616356587,Blackgram
22.4428245527305,51.06690675512229,25.255683874580768,29.045413078992247,61.50568181447882,6.5456610817396434,114.37297433351942,Blackgram
59.80718789235843,59.035367704600844,37.09836905453169,22.764111217453895,48.12615336025159,7.843740705669208,79.2765875571016,ChickPea
70.26381920006617,41.83730620866249,53.31575862330806,21.615778795955364,72.75873523517183,6.52581276678087,119.11360046309666,Grapes
38.55827515474199,68.14480968979854,17.37410227296122,32.11134730921885,34.64291860601081,6.118270633984054,150.37077999384357,PigeonPeas
46.15218140091625,54.7146698965646,76.77940651769967,23.780781558729856,56.18945777949507,6.6271355721887515,125.11149738852521,Grapes
28.798516095991516,40.70384493429183,24.80218027275537,21.54231498101671,69.25843335621923,6.0394400824091905,83.84332236100654,Lentil
89.50781183433376,54.92504265633053,47.30441658731165,21.568120058444183,65.28669968407988,6.778421327772751,169.11630427726507,Maize
24.119164495086636,44.838014347945176,28.517586390711525,30.405299947970608,63.5728558995583,6.245226094749529,75.67813288091357,MungBean
38.56120644964356,44.210203728101874,21.3660837396407,25.197401217935518,57.39994386763953,7.393444395651823,95.99904193209576,Blackgram
82.97468619064034,53.90084641666413,27.81491875010886,21.93982811552464,92.39035589302124,6.500183945730421,255.7078177815403,Rice
38.33924908465214,67.7682163512169,20.845664636746456,22.457819409549668,37.26421100270819,6.364121945401093,143.5106790463783,PigeonPeas
37.66658756235491,53.16050344775349,28.298422572632834,21.14536899210311,40.83168709237293,6.91211254819515,72.72237663232823,ChickPea
34.638328682808165,50.1287261895119,30.285420984239835,28.096140088238464,54.690134137043124,7.180739586197236,174.7154580268063,KidneyBeans
53.85719907882307,71.1627289970601,57.74937970372053,33.67781370794452,69.48517021569683,7.039491244988074,106.17359718325605,Mango
89.40332062318754,46.07169336693925,75.68424044342345,25.76047048624227,66.29253230717208,6.2225762027207985,192.63869342018955,Muskmelon
84.19618033719613,53.36961481949817,35.23781548747062,24.15057428488146,91.34612169374117,5.131172759464912,270.29392254415444,Rice
98.93860066008264,63.950366604754464,99.06973187698392,31.85914394124137,63.56293678606823,6.974980068900089,132.98725029749238,Watermelon
75.11706557639295,62.016232527270525,76.66279853089443,23.94003431810901,47.51278873443431,7.447069450155411,106.73018571873735,Pomegranate
79.714101677601,86.18450761736364,58.19151775415676,32.454838036126105,57.041081454708106,5.7379077472159805,194.90257804868662,Mango
72.04704091469587,66.33099405002866,75.53201702973894,32.49019735585128,52.99937336994366,6.984902611071253,191.81136738281918,Watermelon
26.0175737301573,45.18645160045536,27.732122655156758,20.569925883564807,63.328911842526814,6.662018211751992,97.06449443078208,Lentil
75.4871342154853,73.27214919244675,50.05836486272749,29.67850471027422,49.1054742019232,7.062664487370548,132.26443678318407,Pomegranate
70.27078755670179,62.83319976010313,82.01245000261991,30.863958993985374,54.07132694840585,6.272873739803892,176.24595788558707,Muskmelon
39.29942196325163,55.048262435798534,19.45944658636707,30.50879194118901,40.36087876123424,6.064040355834532,58.301513967261805,MothBeans
49.500455871355925,77.90558777334786,28.729948108434805,20.53303213091658,53.98046774322644,6.666562032790312,52.6998338576269,ChickPea
20.461253042037775,50.69126935916734,22.73452021936891,27.37006389093715,58.58796836856584,7.463737064499021,101.8311748783397,MungBean
92.24565115767163,42.47122547620793,43.99305261078369,25.357156019917394,62.28269772330006,6.226517474418984,228.66526440140265,Maize
75.18232536828623,63.82164618962009,62.28734050139274,21.433791776112113,51.727733018216554,7.16696786149834,143.71636150735364,Pomegranate
71.36482886616957,55.96508626657782,42.08423685103443,27.39279688344525,93.1502475096037,5.441292346689786,281.38556301547686,Rice
20.608477448411378,49.79731666038549,28.756106812775858,18.341001728953295,51.6543034097914,7.117476765626924,57.380082613815226,Lentil
62.06412153413798,58.19456795334533,79.38368330092041,26.0073209391594,63.87067422776697,6.339024253797364,113.59052960196145,Muskmelon
81.93571627628208,44.08913553771342,30.030362901462887,33.01990346515139,91.29014021619628,5.714571571723266,248.84418863943617,Rice
128.6573625503669,51.55638333318744,104.01517776671736,32.0308696170392,74.38447436472757,5.567192414114613,256.5058120386055,Banana
94.45095293856266,57.15575853650839,77.89242397874276,31.50157331582096,66.18758256527822,6.593657260785007,103.2939363479287,Watermelon
65.8553042737811,44.77233080864203,98.52462656713942,30.56638606811967,65.7288317353339,6.376761365742994,177.2964515189886,Muskmelon
133.3563099883194,59.251018916500534,123.95403229401138,22.62428637858996,70.43509527419812,5.747967127960202,212.61974359375188,Banana
73.41649231361833,68.41967142590951,47.06953757875543,23.00590167624894,66.55132445235091,5.800266051764276,188.05272089514705,Apple
80.85895909718148,54.84133130766771,94.08089196297405,26.43744513134553,69.3182143818394,6.5120940406103225,124.17247304808951,Muskmelon
22.67833513635755,51.002426147861534,24.845504139446113,27.801614156509505,60.30896516397647,6.799660588301014,90.45926034345652,MungBean
88.7535639826774,40.74462159583273,34.851237890053824,27.243772237165352,85.06749365785991,5.60367671357238,267.9893512659169,Rice
74.65285852961331,70.79896354585574,62.45429021186155,26.52818037695613,47.9868391199571,7.244290923795013,112.9291953313807,Pomegranate
99.91459985315433,42.302452458186714,24.77026539422723,26.42312856265629,50.46592207054649,6.972858342578196,212.36237642368746,Maize
80.22091830172178,65.76020351986885,84.74607221194148,28.905203100938806,62.346855516315046,6.007662264799591,183.39187699203933,Muskmelon
70.26870530156553,55.60772691041961,97.30981896385057,32.82246152073637,62.8927057447699,6.000308722496923,204.36468843636413,Mango
66.6886339302313,76.95173886306786,50.97511692696159,22.97165997361111,46.39067965290073,7.1933557708936835,149.3191153638664,Pomegranate
48.43779332534873,68.42751373829432,25.413004731112174,18.599751733194896,49.23645205731938,7.340418980645473,150.93375777714897,KidneyBeans
34.71886202895104,55.287902181306414,26.36920616083744,33.02202139596927,54.35418247598336,6.3340445934121306,90.8359443017997,Blackgram
32.03951130108797,54.30685463234775,29.337924695292205,18.984743498260098,59.935482707805754,6.294729144534666,42.56793816519396,Lentil
33.0773248977864,69.94924948828361,29.350203639735575,24.166645770948314,64.88831536374725,5.7603264423879015,101.53635484117976,KidneyBeans
74.12786733925,60.756235950001866,62.759183460564124,33.986942740306176,49.8689462422807,6.259301299267226,150.63219352563027,Pomegranate
119.41772639520951,57.71219955462186,33.569053560603486,21.82675962643167,58.497668593049056,6.587043186964488,197.11349223719438,Maize
32.423531684354,44.475310220841926,27.17953337445634,34.61360937655051,54.77230056142053,6.082228261102595,60.43968032582234,MungBean
32.934099650578545,55.298404398834364,24.470186611045865,31.94171745064844,57.72400564113592,6.1097107317636725,91.64287995285409,Blackgram
97.08312768925987,53.96267530898386,21.109093851165937,33.75773852923635,87.33055663486775,5.095947299501381,253.42543183203378,Rice
50.254555578374074,43.252627777634096,46.28465712822779,31.570458259210064,59.18814782253865,6.511621768753446,151.1052423702896,Pomegranate
27.669961402944487,69.52599914937643,16.582505116795375,23.72296587193749,65.18027672952618,4.934795157181604,164.42103802783961,PigeonPeas
30.677632492081145,56.28727195403853,22.334245449750092,33.24323954737568,67.07457983795567,7.170701706385604,76.46288399031441,MungBean
88.57290389271053,67.97737455395061,92.95662354335204,29.63262169213923,61.82160760100551,7.409611448964801,104.79790709421604,Mango
28.379964170106213,70.36455829236675,20.894043352319102,27.747999693615416,47.52581981385325,6.865941235062234,137.8743246460714,KidneyBeans
23.87830700207967,57.53284290655337,26.728899728268217,21.76414831046906,68.88586972696667,6.5133397421053445,52.971348940239736,Lentil
36.828042466845325,46.60266182180307,27.68281243392081,27.3931789904412,69.68078301428997,6.509000576222082,110.414773452399,Blackgram
32.21134457012518,48.93389163102996,26.090053303613196,27.977543296811252,51.018896648527274,6.987884629000498,107.55762480551013,MungBean
37.674418447237926,58.311416994357,16.61347139037248,27.192646735748994,69.55280461930724,6.47932306331454,141.74974490880962,PigeonPeas
29.759035044697477,48.37290340942484,24.80611659386943,25.318334990966292,48.793146333568366,4.7355884504115355,33.34052799174426,MothBeans
99.16592013610872,60.36950961023848,94.94903413518813,29.907485130102692,57.996086278369305,6.657987031852873,141.53753238871434,Watermelon
62.97674361216093,73.2066699689912,65.5321089103821,20.624273094776775,50.24753670293324,7.140659534323985,85.99682509121496,Grapes
25.89810806996733,45.881329928237605,26.468824552763362,25.334563680062914,56.60676074401177,6.15052940141139,45.496830363299324,Lentil
81.47691939889995,44.13210063272083,20.243436421371936,26.274561650807847,62.37156915327264,7.118962751273005,214.95963506858854,Maize
30.207389785600725,48.31703041130443,28.67027016297452,24.24909093322418,66.6832449233041,7.289082147538035,52.913432213231566,Lentil
95.92391896110358,65.5180697107593,85.10473060453648,34.43722121861092,63.44704766850994,6.433646530925683,150.16517337722485,Watermelon
37.35370301594817,55.77150710897918,27.17786832331121,24.609832734919113,60.4264028638031,6.213288969695313,64.89784415377827,Lentil
29.476337143348154,52.482587243296884,27.779325577865613,34.018982052627855,53.00045995335157,6.0721231864013445,76.85244609874086,MungBean
75.17883816911532,44.60519502764666,83.61424653036653,22.27774766466523,50.36688141644662,6.151996783506535,159.00380776153722,Watermelon
22.898303443858733,40.66956618171493,21.802004134099935,24.62035778249826,54.9481636647505,6.7300949801057515,55.025679974399026,MothBeans
145.6492363885494,47.0750117842541,143.6134520726432,34.9209507863412,80.2151005645629,6.604652104123167,282.65551583670333,Banana
32.637897648979035,50.67047147150621,21.007079494873253,34.558722940719974,61.72477921298113,7.345834205876102,89.5242214852818,MungBean
68.85406299207676,70.40013393657406,48.23550242714385,27.70712656077754,59.589599129974424,6.847269018235897,163.05697479623808,Apple
94.48814308866892,49.58662320912481,23.329923988653846,24.807446328424206,82.22196662623013,5.08456408714792,282.4809373768594,Rice
53.42909148048764,50.89743525408849,24.293825101142513,26.86826041272232,46.79538926476455,6.0573228818001486,76.75930212450433,ChickPea
58.81056276805917,53.91915238175207,37.2065248146235,28.17893545420283,53.53444296263062,7.494572735031224,50.35383373373658,ChickPea
53.68656825612442,74.3030597796205,53.81009400155769,18.863989665300704,69.48863739092823,5.6551998656065345,139.74788769626977,Apple
23.285806456190393,55.971333803009784,22.05876463532722,28.58154378575691,60.70739995612442,6.942519480954289,71.30574777414957,Blackgram
37.54403222060537,50.204994753719404,26.904477352517308,30.23934431348291,62.25399025521555,7.024645196406508,105.5058480976905,Blackgram
21.77103360702066,56.458471068808315,21.011179029986383,33.84646890113153,67.30246204756989,4.8379722613548015,138.83769243982061,PigeonPeas
28.69770977548292,47.28159853071868,17.528764924316405,19.164738189993127,59.63509246602014,6.472031215366857,118.17722839280707,KidneyBeans
38.632155650705656,46.822648528211126,23.118989866172257,19.759245633133737,62.530168103936916,6.21459138994908,125.62537443065843,KidneyBeans
32.268766088153846,44.953165069544184,22.538049863142504,22.181317683917143,58.149018969148855,6.703839858212556,75.23363205308489,Lentil
39.065183350657165,57.00614372774659,28.831479485278056,26.07629454474266,55.34649600112196,6.336145006871935,61.20146070107753,Blackgram
58.05764040197204,62.73456747060531,60.02129670321689,32.581843098130285,74.54903045862832,7.184545807901391,86.94309738174957,Grapes
28.815942619439966,58.25995076525623,21.599836029102324,24.622152729283915,66.65397432475388,6.8587097007344475,122.34873088268759,PigeonPeas
77.42989389258415,42.91462257662681,52.27756154065622,19.37245626306877,55.1108618850255,5.552744563009371,168.6588848169445,Apple
20.138258889487624,55.58824586704375,21.701126469780807,30.343387595083342,58.18506777684139,6.746431007642172,62.57402289354727,MungBean
20.032269547233106,53.0760290699941,22.230682485422914,21.88931371352819,66.41958434858105,6.43594577699442,93.93653098228512,Lentil
32.045613100961035,40.69958017106708,19.89491378125103,29.831154394776668,52.19808030776034,5.17120232239647,58.66269543769467,MothBeans
71.88765084251052,70.13437307022451,60.05628851242781,28.8933178661595,60.2468150358183,6.716916350253597,85.18589959962624,Grapes
29.00644656777431,71.36468751391598,34.27361562626295,27.67330254721803,48.071691659465884,5.698771740798817,174.06333248070536,KidneyBeans
40.64756695096814,52.683101701649804,76.45441910809342,30.182683075938638,77.4190871063642,6.770467448796634,104.85445752002224,Grapes
102.01847625461845,43.46984370096255,24.675785774742724,22.604011177631467,51.64723282365075,5.567969264847241,199.15681180554523,Maize
86.33996741183014,42.41963561653267,40.566770002002016,21.568972837987648,57.907321632684464,5.974091627279059,159.2066173758705,Maize
20.4051863816099,40.53332534425859,27.4381127853284,28.025545169731085,68.65368262063015,6.224579834182299,73.86780818216565,Blackgram
72.05287029646621,46.98455151791528,54.44776784718111,33.12677231598944,58.90829944926773,6.8903919752297895,99.56938142123519,Grapes
62.11812787282669,52.63593329561278,67.48086686083589,30.927263949897146,47.19443394648984,6.226361125671348,129.64564279999547,Pomegranate
36.74761252308357,54.20714568802833,21.27967589512468,29.90136284794594,66.59417388092953,6.341867489639071,49.295114496143036,Lentil
29.06512990626386,35.321643887571696,21.39618211604333,31.069574530331483,56.067413018797666,8.255958624838815,63.25662556074629,MothBeans
24.585666296382257,57.45459058357298,25.869803384998786,29.09415851810425,56.803244121835995,6.550081322333157,82.65213116933596,Lentil
34.915888872715044,52.180747012137246,29.152001906604376,25.891759637533927,58.537889348284,6.123104821572655,107.5516298371729,MungBean
20.455188652442434,46.052744470331234,19.617652553569087,30.1944341219651,44.02074652041746,8.00284422158669,46.852915737357776,MothBeans
48.60377068940579,50.14621766728004,25.03430210804976,19.94019162278613,57.03028235038961,6.505660945738983,138.85577390592147,KidneyBeans
23.31108314935078,56.05770606044723,26.192162937066207,26.69088318493919,66.17309344404096,6.99945762953462,102.65689452936358,MungBean
28.730443732260262,56.50975548576625,20.77651596476955,19.354666749191228,64.41961402305344,6.146858503041312,40.6381235133369,Lentil
30.020764674703713,52.95005677478727,26.95694335071228,28.684935618759823,52.248058104418945,6.973037252017939,103.61845721024991,MungBean
25.976954037936803,71.236998939856,23.161542935324512,22.681509143109018,55.10004804978438,6.288632227994519,115.54258750952089,KidneyBeans
29.360696380369582,40.55552529785995,18.63222245022761,29.457925958136123,52.31749260807061,5.267735995570032,47.42197045161382,MothBeans
85.02528282838178,51.3827888998453,90.4709130525727,28.997245715755856,55.324931351788386,6.207626443470674,149.81545595684668,Muskmelon
48.17246022806765,72.49003589857922,72.20285386651136,23.919504193292177,56.601716058880065,6.190573782246781,142.26477218154645,Pomegranate
26.31847230731455,59.87194169266489,15.600844452666028,22.824889338954776,46.20003418556584,6.95559332384321,160.86308574940915,KidneyBeans
52.26113309752433,77.1361996163167,56.43785067584744,22.7911029822166,56.1604829072559,6.59928671190611,143.3337464054781,Pomegranate
71.47653589495367,57.79722989699063,50.02208844578098,22.644367458202037,50.51234985404645,7.160657927961767,178.83837883480152,Pomegranate
85.25377658063263,48.14464002496993,67.45198509695543,28.64740985620666,60.40879678309926,6.255422173687029,168.02393334451216,Muskmelon
75.2184564828356,47.86147160825978,70.88246352552729,30.56778901114194,63.665851896263845,6.879705875283338,108.62871594290554,Watermelon
30.114467997938153,45.454378003968415,20.34356840252776,25.772645303104213,59.286767989138546,7.112819490146201,103.81564235278228,MungBean
69.99398168149128,52.615667982433514,16.516095473536105,32.187074844281064,81.34897331703897,6.683762191378339,285.21141976156866,Rice
62.19565553143194,44.686197660801156,87.24181579822627,27.26446001063786,52.37747114429961,6.024066868490517,130.40317358142178,Watermelon
58.89778640000317,75.68662868510734,38.838644192782084,27.81909080217015,44.52434069494056,7.00053028409842,54.42957886096319,ChickPea
20.076312961335233,60.34470639608122,20.40854019513256,34.90361627689358,30.939914967679215,5.588740447402405,153.6494940281216,PigeonPeas
61.017209333324374,69.88601928380888,76.44105437986371,26.129723496072756,60.11116866570408,6.211908578666087,120.53975275342172,Grapes
116.10544219890615,44.190537672963806,132.59797391449663,21.00626324703398,73.95871196320502,6.9668118953214915,251.69462983420198,Banana
27.43242995646615,50.77663490389074,27.377263958145804,27.990566114766423,61.475051655163995,6.047383409546675,60.89119045333327,Lentil
39.2688025422082,56.786397097276094,29.71771229405202,32.20399745766856,67.87612323188232,6.3923912775265865,111.69548174741689,MungBean
90.77298270479865,51.136033277718866,64.04780171882864,33.681658768733854,53.023646654626425,6.938976513222782,122.88138711463529,Muskmelon
72.19361816055677,67.54105428081405,76.00852014108595,25.229989032394652,60.28896960997424,5.9548954902477576,165.93011254649383,Apple
21.518871006284115,50.210348162546225,18.024302994286018,28.400373977230455,50.56546230660953,7.7956070642870285,58.48617734545766,MothBeans
135.17345959429213,59.61806654868488,112.46874317912913,29.257971813352462,81.02339948881823,6.3732067109401855,266.39835358731136,Banana
32.4634667842671,43.81440984381882,25.641957833400905,30.887765592051068,56.72563966742556,7.303346511557606,76.95656837231513,MungBean
23.19911619914165,50.88398650941536,29.69100716677957,26.13143014519509,51.28425279434224,6.80755177156429,108.85430617711597,Blackgram
40.580190667019885,57.593661232290124,58.93077061584435,34.42210157941934,75.55212350844468,6.5748490258785175,91.0304320346136,Grapes
38.76064898476466,56.47205050970649,18.548102211908454,21.524222062703114,42.740482619982544,6.90475309502389,131.5279884340859,PigeonPeas
38.00848318985068,63.861701882976305,22.154082688742434,23.62554097504094,62.86572706818802,6.918642689298977,138.90797875667107,KidneyBeans
46.626913275939415,70.30381989420391,45.00395696770903,30.72611337125288,60.920589180933625,6.0049021648340775,138.57976484544616,Grapes
44.189043122859715,79.12612941997142,58.79161920995742,24.91821063005623,61.76069884615724,6.4950585875986135,147.24938795194095,Apple
128.59577378170079,40.50293378449436,143.52448209490387,32.80039629263027,89.04849828979471,5.895478976946347,234.31487194130017,Banana
22.968844556104784,48.66832004263202,24.529842222029878,25.32315720900868,58.44265377289529,6.308427936589885,116.64079542231465,MungBean
86.59579085250597,56.16659896555957,24.59311817060182,31.59736766302489,74.66818613467184,6.7561629413459,193.46639049273068,Maize
80.26556512998178,56.15237476712349,23.79583488169679,25.904531076075365,83.91257670948936,6.834189781707119,265.3109863027371,Rice
72.70577534879426,42.737639929244494,97.46065682558788,25.82427977268425,53.66169952164903,6.770939423420103,184.78142367940882,Watermelon
123.60893806686124,54.23658324848596,132.4806170908721,20.56855083756971,87.31821138226191,5.954584538446458,210.340355245936,Banana
60.10349657336627,69.96632754204506,69.75126341731875,24.003203580594175,49.96343659856824,7.3630240249718,111.1090667118266,Pomegranate
52.78230561487741,59.03369240419835,65.62306043882835,20.27135705491948,41.06784419659304,6.149101191497293,185.03428364241663,Pomegranate
116.69481999263724,59.40670067520315,106.41519876974851,33.53655525241015,70.47337307169836,6.110709121654929,255.60776539604723,Banana
44.007204366185746,67.80574370412631,43.98120981874823,26.413164911818228,58.3197091445645,7.365626780502514,120.90114871431389,Grapes
25.52722070812009,59.945649538730784,17.795208637790818,26.794892839559367,54.52486486751438,3.9347102461232755,49.599129486088,MothBeans
78.63284501243876,38.05525634400934,29.03000019445171,31.40350223015511,82.43361761257864,5.682171457003758,233.77327718089919,Rice
21.03175743372453,47.00767530854233,20.26215608626632,28.86627994067542,57.13915805198464,6.1376493926440645,67.93572615954164,Lentil
42.55479309074798,66.43650605688907,29.449622220824473,28.052822888994914,40.85636224736004,6.488362164231953,67.44846217093838,ChickPea
20.610266829063434,53.80368106287243,26.201162124776136,27.31155780041435,50.56587648975614,6.008284489961698,74.26954313607247,Lentil
22.21198486617361,47.47163527759298,27.463594473110497,29.182802673955774,58.48787230533172,7.225904362658744,74.69729150882152,Blackgram
47.21438556708088,57.84588025356931,57.77790280706729,25.452323651177963,44.89888021500627,6.547814579382051,194.40065860052874,Pomegranate
91.9634670832566,63.9328069802258,78.3282092108378,26.104804421970584,51.39867052463359,6.7201454161258125,201.38213754341555,Mango
77.89158412827648,78.0309413455966,50.72754739670093,30.583949289224947,54.836583112128096,6.297742848149237,171.36837979725692,Pomegranate
84.67638718384595,51.35798427400201,96.61848149833048,24.01608011288286,55.995595988871294,6.482553808463768,147.10262568198715,Muskmelon
84.48456271513393,42.53033565242606,60.222506886489086,29.67229408053081,68.70189347042118,6.037725724131084,183.94105966531947,Muskmelon
69.09318308188098,62.760766782152615,47.235429130848146,19.703088625322053,64.93913202233179,6.610437801740432,102.97111753396193,Apple
65.77852134206012,46.911778972260905,90.37323658135577,26.5822566427398,51.47894325517108,6.715588428390319,114.81384911521253,Muskmelon
34.151449209443186,43.866003969188384,22.123906204669005,31.828522504711792,47.85144472907829,5.270177034749591,66.43143408877901,MothBeans
46.58358219975821,71.37795294379353,24.67433853967204,25.82463105132672,61.426279981344265,6.933295338687917,176.08525686329787,KidneyBeans
55.698809742459915,57.24966494582963,63.11238170585886,32.16712182334271,40.25029949668557,7.415979044444242,106.77679881789413,Pomegranate
80.69412839504506,48.021597151157486,94.48877223464024,22.700158339255967,69.40913067820053,6.384716534702664,157.40002484251607,Watermelon
34.62986211159671,55.148495982969195,29.996196067650807,21.47251480075017,62.37704577370581,7.46729847050965,58.52860092716092,Lentil
20.33456525423755,48.98156122447864,22.598843489792017,27.731814151198744,61.43657453787496,6.329206182085342,63.440554452855466,Blackgram
33.06898626877786,36.39306143480601,18.43711560278635,26.57750110314023,41.448576716247,8.636470820379227,37.941982743235165,MothBeans
42.17766645751762,52.3295536467932,44.38123634912239,23.154033603511593,48.55618973848364,6.237928144363613,190.61471621658234,Pomegranate
65.22493803206052,54.31991744450097,88.09560632400944,34.42872009524177,64.11872213002127,6.584281268526892,119.64851159024614,Muskmelon
35.623279821855206,48.905775961126906,24.485807063553278,28.13953777506468,53.74972821694322,6.533953587001353,92.2900321681681,Lentil
148.05772695314343,53.68921199875437,115.31017497450162,32.20576593794899,71.30490483360906,6.166484249288633,272.80319900405095,Banana
60.95662794370912,64.0510672722893,61.33240856249216,33.0021900024729,51.30659156299203,6.914946038018493,140.09736483135725,Watermelon
33.4861134096351,76.34559762863529,38.56252947266651,28.692682820885835,57.21081895730144,6.414487234236116,99.36127546032249,ChickPea
51.3536331502615,77.74322622417338,81.35617375699245,28.787690847068482,55.937706196588266,6.2417456730185945,103.66907012688985,Mango
41.69457495211717,41.128215841192805,61.76279382025548,15.736987184511273,50.941663509391404,5.631958335276561,168.7708018366427,Apple
81.13075791456973,81.57778137522031,73.27784718104787,33.31380867056799,67.37059746650348,5.509669235584952,175.8877465523763,Mango
48.53581913554656,66.62934004236803,78.43146188032617,20.930238668449867,60.0596782282192,6.2820240060389665,126.35255204434772,Apple
22.071346477014284,61.13002512602294,24.632352317506218,22.125050727058756,35.160529982349686,4.924022871242479,138.634051998483,PigeonPeas
26.406125941723413,69.13423711539616,17.564426853402654,27.18463396366598,52.65921889133038,6.856830814877506,176.09400410537523,PigeonPeas
34.758111105843625,44.50152740101646,16.6589678132558,25.302504452278484,43.633764063507634,6.722921172954362,52.72209011031789,MothBeans
58.056119615528516,43.46040439376901,42.08256834165138,16.66930584761914,54.07850331492385,6.833185639490627,175.529359907723,Apple
34.44509768446908,70.67388803729075,27.00095568257428,25.87903824157105,54.08715099218739,7.082321219392629,160.40536539771725,KidneyBeans
141.65045787373006,47.11145125498776,105.92529700111668,33.70723474718502,77.20178026582695,5.928290672970212,287.7566600405409,Banana
147.86179921439293,58.309199425752546,141.4856703984297,22.66712108577469,89.13500894602589,5.853743593661557,253.59500246806792,Banana
32.44893548068211,36.72520177254258,15.19769030467682,25.425663369633362,54.05722274152399,3.6357124719243177,34.9768871421733,MothBeans
63.647175540834894,68.44726961472921,79.65634735377381,26.674163275282258,63.59041040835607,5.954850400724168,168.07124727417664,Apple
34.73269306292961,59.61662576186758,20.92928321883723,30.652979321440057,58.56443007730047,7.324702824548168,80.33883169773563,MungBean
34.706443578599945,58.39828655733686,27.98619685935858,25.73068282058376,67.4842882204529,7.20238856691123,72.7070101434539,Lentil
26.057128884547698,70.49725274094756,18.290462932607724,28.14960263117957,69.07584160862072,6.388507168798666,96.52265060804149,PigeonPeas
31.409323326303717,44.97133298384688,19.175610399087905,27.572962222164037,54.20088301908267,5.253291980715986,51.92418447308311,MothBeans
42.70648654237627,40.068568830607354,45.88824247207353,22.472897581889107,55.354678764648625,7.262593494192558,122.95631162291059,Grapes
46.54150408204853,59.56563684809185,38.182506041872614,22.655293465612967,40.66112677725226,6.405637531436422,52.4736129111598,ChickPea
52.79633937641914,59.25585425102601,39.41190390222252,20.057996925738134,51.98274992383044,7.7372144142466635,60.58512061992893,ChickPea
89.81432056695056,55.782759269580495,28.235564703861186,20.21226628702839,83.19162336452882,6.896972124542124,233.00226725452092,Rice
26.972344412457137,59.40066323015286,26.8110833796605,26.427573600897755,51.22174752777548,6.639965021676775,93.14747113524236,Blackgram
68.60836875939164,41.43991721500508,60.41050766506598,22.95209499142311,56.285914947304185,6.010835064088188,177.36280957994387,Muskmelon
37.903951863159755,49.943961262858615,20.885207233562426,29.2770523613822,52.47403888999199,7.384960113988873,165.52108516495582,KidneyBeans
31.195317944784854,41.84199805256134,24.255870763353485,24.18444868195926,69.15947843427848,7.215547688485881,61.82221678860195,Lentil
57.54109502158647,76.2045386856332,65.09054556505522,33.673092991613835,77.42465621330402,6.323525941600555,135.5525015458881,Grapes
22.907421346533855,62.501244809242586,15.945781847927122,20.34294415914341,30.541933474149623,5.596701775511199,90.718064027573,PigeonPeas
67.68251657371479,60.08563311344953,74.55667746033419,25.233387040491806,41.56872098241047,7.4632738040343245,186.35897505170806,Pomegranate
39.01325244859203,62.602193109916655,16.424447963490067,29.42322912254189,46.95493497356112,4.799465107155125,195.548188482551,PigeonPeas
76.71996705642346,59.52410485452041,68.99172827527323,24.496491357534133,52.200691903609226,6.088145961283523,127.14356812610555,Muskmelon
26.943778291583584,54.09875306516297,20.04753973588427,19.52151649714386,50.49254722046405,7.081406344257008,76.91297659166858,Lentil
86.18750376617828,49.42127859215351,99.6744222584731,29.22946782987226,64.05906995029689,6.585523831820842,149.549199865918,Watermelon
70.26355036471631,45.45342636053092,42.14834360319848,26.439570722787895,80.90162288112109,6.9883559557705,211.30767241521536,Rice
39.084526313455186,49.87187397097857,20.30117103902978,28.700425829612264,56.75724280129774,7.347108664573591,76.86674400183531,Lentil
34.21952636069119,76.69297099559498,22.771979794638852,24.03244337150412,36.533055091343925,6.278885877380064,126.68855188521323,PigeonPeas
72.37221593223605,41.8500405440307,61.083029498509475,32.434654451471204,50.8745395143223,7.059926834188697,106.21026981663826,Grapes
26.46194472291596,68.32862644708949,24.13576059101485,31.41022573302645,40.995141615182526,6.833176453105295,133.2579438477445,PigeonPeas
38.60039526367162,55.0824235896838,25.534684352428698,26.54530852744123,58.46603912571629,6.4486436585513145,114.6995538914793,Blackgram
84.70473360494604,61.935211382361736,94.23516959863119,34.06731610817661,66.29293849288635,6.98762794174833,170.10104038676576,Watermelon
54.827332322965674,60.52671228956574,54.36589807827015,28.32404720188839,65.70527023435021,5.760117973134941,162.1194536096905,Apple
81.95579771744691,42.38754076149389,30.013439900053424,19.148767292095364,52.45328443594501,7.426006119169415,159.6817417558855,Maize
57.90443128480885,51.06589806289861,64.41308621401487,32.229311115668,63.24693361289334,6.717175170085506,87.74245277692292,Grapes
34.9231450892235,65.61547983192592,17.497599253433226,28.411842089929735,53.956110841525714,6.89973645547422,140.04799237749717,PigeonPeas
77.03923689321145,45.0982365119117,37.20469593125423,21.2909878434498,89.4819160923962,6.3377306366265875,218.39420575196127,Rice
36.97200655463225,48.81256521450102,28.1504367511632,27.438034335168894,60.90700862047935,6.958601291136285,117.48252481735564,MungBean
26.193015852297435,51.43410486474527,26.108003857603606,33.322336769282096,67.63371384875371,6.480155139917624,114.63458530645607,Blackgram
65.15420677766448,54.19240818102558,77.45280538756936,25.683946440328363,54.50972576260868,6.146438327308854,117.6008259897891,Apple
21.787761102552402,46.93461500672859,27.725542076452367,29.976802121220643,69.708715693144,7.352583281667435,55.44811043499226,Lentil
39.91421424433682,51.033854307057126,24.897499712424782,28.78204311928149,67.98866258323037,6.911345389818546,85.03665237727843,Blackgram
56.38237065619859,79.26387590034302,55.554847411256695,15.462530395339357,50.99431569916745,6.092124582067748,119.66508155488481,Apple
110.60737752938235,41.882764641554466,133.69945521087345,25.639593126263094,75.32383307031472,6.755253232177498,220.86072761640074,Banana
38.25687811762138,59.05820495916232,34.23894224120858,23.015248330576483,59.353944769472236,5.674503980266008,178.68062626434886,KidneyBeans
87.95990351380766,54.39207597719606,39.374848153515195,26.07577577963516,81.71661606269387,6.487774015338824,266.26389124550826,Rice
139.1542225459782,47.04771376519738,114.68720129063925,27.212832813957508,70.12073485879789,6.280837512098367,205.71364110523484,Banana
26.04167766681361,67.07062928709804,23.03593246148235,20.37432165364439,57.045714750939325,5.302985781748932,186.0598784472959,PigeonPeas
73.9636512505315,54.63765643402556,23.81805523075683,23.286783392625786,90.90816756995906,5.2030794690554725,282.1381043277087,Rice
89.48839663246717,45.06285046512568,31.8495506740031,27.09568177988544,81.0118781827368,6.374879102719351,254.01222652594944,Rice
26.687247065293782,51.78817399932105,25.256875907225716,25.55127356672691,53.835170643534994,6.646586478044395,82.8499576143481,MungBean
64.89563943213977,47.66106986808667,65.66078144959954,31.69706909702802,57.46967694891819,6.055864249448953,141.0406591092422,Watermelon
59.864883637614724,53.799145757682595,24.43609793057929,24.916837021288874,53.072746819757036,6.198740799521763,83.90213971588808,ChickPea
39.41055426075651,69.92591766096109,25.87836786316407,25.991538059244878,57.420303036620105,6.309842048018907,87.07229150044205,ChickPea
81.73497504615221,42.977221727501046,87.27459254048983,33.97693019157229,68.19542101153112,6.551803135834637,118.2237830391399,Watermelon
55.53481051023573,59.35192235742395,98.6890022288222,34.5711680298959,66.29830826769236,6.221606002299211,220.25814923847838,Mango
60.826768662849396,74.7142371755962,71.70983618803133,25.64039295819804,57.50922088571977,6.905057182096776,83.26122898452654,Grapes
73.74259766180661,45.256747582650775,67.29326333999477,27.688178765641645,62.44997482029545,6.761000334206383,145.87996252555988,Watermelon
40.77270148157272,43.84846219785792,46.6177474412719,21.260436133914595,69.23368950287424,6.9953585683829225,137.31341539479328,Apple
36.385212259734004,69.93606167670531,15.111393147149034,19.30486844549266,46.67740564946181,6.244494125719346,139.7978274682875,KidneyBeans
76.36323593706874,53.92346356873079,69.78137301440461,29.975018158950355,62.69661217233181,6.462044758248281,111.86275375939346,Muskmelon
74.07630944628683,98.41880545883865,74.29476934230794,28.438373524975688,67.64187681544556,7.278362642649084,179.5206679610962,Mango
75.52895448974954,70.3148100768804,47.799945574701795,20.362293563664476,62.690373789123406,6.7049671535776625,133.52390074091835,Grapes
89.8929174906717,72.17263170490492,84.79916215330734,24.134822821461867,52.882013243129926,6.102749278780335,114.9315654686886,Mango
62.111366310764986,38.576196407437315,29.41920650263366,23.685699862260293,82.16596247028798,6.207905582515378,219.4810834659425,Rice
23.115630773945277,50.42113825559987,25.563061604053868,18.239940535762276,55.87154933851759,6.980350447489343,90.50047694830153,Lentil
35.749571249870954,55.973338340380835,15.93374424750146,26.92267256418153,50.42299510611001,7.6644049771202205,48.468923246036894,MothBeans
45.137113090480284,60.25000442386921,60.76410418529147,23.679288779900993,62.43200240384238,6.588468053555365,136.14667370847184,Grapes
54.16331107054324,72.09661346034595,76.07398635794681,34.460295120615314,59.75606487636661,6.199363014246449,138.6353593665846,Mango
28.16104294795298,58.59691724752378,15.397727312879917,27.363796649659065,54.00212011008276,3.5235707003654735,47.474661339758114,MothBeans
35.22912034985984,52.654176505788335,28.547813882255547,33.7519551993933,54.01623224706956,6.955156458742366,77.15924883772355,MungBean
78.0692487776262,62.17960641640971,40.7267089389882,20.1663456932769,52.534584185550905,7.421462320283467,83.82029219579053,Grapes
67.48691253134653,69.44987235155101,67.74829048704817,28.61674275094112,52.836080498282364,6.840699969735241,141.44937137036405,Muskmelon
80.12504354872581,50.806318401513735,58.52483100410232,30.007091419117135,65.03885405276682,5.764303169795972,233.53402824465323,Mango
95.37117938651906,45.90524350714443,41.77971234751911,23.019222244147716,90.58244113609332,6.614216739902279,282.8655536582562,Rice
77.51916875427936,79.8300666053678,72.35269756206533,17.75047798493544,60.74648483417627,6.081249596513804,190.61019898439923,Apple
68.7899178578989,63.725824286893264,68.55495793905638,19.6312037314919,59.10865783027739,6.887093360901858,104.87387502051781,Apple
38.28301727620074,45.514120189925094,29.053106175745107,24.886631606889026,54.722674271045776,6.9427994125575285,54.47247611183581,Lentil
48.09738298388646,71.61997324061844,31.579757562367302,20.941302571629492,55.351836488622745,7.092657541322217,79.98425281979861,ChickPea
90.13298575997055,63.543137118289565,85.91209339006213,33.590213088423546,62.04424596397418,6.244332287301924,148.5262483094868,Muskmelon
68.89798602691477,81.70795579706694,97.62696990055036,30.371635700676897,53.7294929223084,5.607080064291593,208.7046238074231,Mango
26.58670499534778,52.257900340263355,23.332972353175265,30.23291002028064,63.78910611525041,6.023934275139798,117.42917063020266,MungBean
55.81890142408756,53.48073905876765,60.64766741234787,19.116455091553775,59.50541524126525,5.901953112031535,113.54373945884451,Apple
76.43074262169233,53.94790514347319,69.55084325044125,29.11051653597651,63.96250745054798,6.4352284803058515,160.3344229960923,Muskmelon
123.9758918259151,55.9005451821766,105.73689464162634,26.67218494329975,75.5305731440085,6.621912473039666,209.60313560969638,Banana
35.018608371518226,56.98827613970113,21.54121154661164,20.156790974771294,66.12877252985682,6.087822418783593,58.654233015298345,Lentil
65.18630481400004,39.041320055401556,30.55820405460217,23.25519424050332,81.20906481542937,6.922174338210924,280.8306344930463,Rice
130.79679050067628,51.36015173642335,132.78688846264203,29.419154585831784,73.72480897099169,6.013093274099431,276.79274494705555,Banana
69.90438728045766,99.23624032611718,53.603293569322055,33.94266405590896,68.76964567543064,5.564864656562822,244.40360035481746,Mango
24.44206881986194,50.60687770281215,21.556465751053953,25.266686894813493,54.37638745311503,7.386187068029235,40.24974010909567,MothBeans
73.15673922002748,73.41506153573116,73.2818679888064,31.92078730356475,46.99987615473996,7.143913076028304,110.98382939423382,Pomegranate
77.87249162860186,58.37233541222809,44.040652651492636,31.890001408148677,87.43954833064707,5.312407714177884,278.9203347915226,Rice
56.81881363351791,65.9156868758619,29.76124722771742,27.55356398836448,46.82625984886221,7.091277454380484,52.71812008450115,ChickPea
26.48639528511627,75.81811845513141,15.925517808985877,33.65368076168592,69.43623467551276,5.311086956611907,141.49618078798167,PigeonPeas
81.14735790944405,79.8717533412657,66.20012379680976,25.22778388397178,67.16069917479518,6.236888936298224,199.4188634988537,Mango
21.250282411794217,52.943224991634764,21.453702602833005,20.05402545335094,66.98338434105784,6.686459674495643,43.78171932229989,Lentil
54.377203185173414,51.65403744998982,84.07839199232797,31.184034927064808,60.310644730747775,6.812923633298602,225.48390126959126,Mango
143.2755571193752,58.447364068008,107.730271323619,26.840406083033194,86.90173757171816,6.486716379127513,242.65008664425338,Banana
53.80896197210778,63.83539600628607,75.97661656280228,31.767855680543978,61.019244603175295,5.8019763951220344,119.99731101795889,Mango
88.26268755076339,40.263879346033896,74.81259426290214,33.88497148897398,65.67136355621008,6.86941028845148,192.49085381205788,Muskmelon
100.82442502851434,42.70425460616505,35.13539291287335,24.038276601584275,68.1721536391747,6.056420263339891,213.70582356723543,Maize
29.051150836874307,49.509318658431525,29.477580692059206,25.76650056226823,61.355007140073575,6.013334200359286,78.5879158547333,Blackgram
133.57239579998594,51.7928139212067,119.56134782222202,21.040048889514495,71.79929246909103,5.758419967056404,224.86547631117037,Banana
36.4487782529301,50.19807800324062,21.215996781940305,27.717582749848855,42.4715566995233,4.35011388278091,55.47329785051873,MothBeans
94.4099681229556,52.64347205785286,96.48232449892718,30.714333867215835,67.18589588012455,7.4644980721457985,152.78409735125476,Mango
64.93200027888363,64.08446903557439,70.89510612296439,32.233546323412426,55.94134535390133,6.917259349218327,150.05031095431548,Watermelon
35.25406906548349,62.56527081138687,25.161833096311668,29.918971163983173,63.6654990604417,6.502403335852045,169.39048528812395,KidneyBeans
52.375091893209884,66.22037059075299,92.65034731881644,29.93126385045562,58.84051573408562,6.07990885143909,192.56364191371313,Mango
39.508537461564565,48.36718869886863,20.972724457138245,31.892699461652033,53.47603004255645,6.374055733079488,98.90792839100659,Blackgram
31.992290542907302,50.572766407786006,20.371451237532952,34.88193250962799,51.124864024255636,6.1366849179854555,63.55600836413666,MungBean
26.775967005614355,56.2998994968135,19.681761914667526,29.242129523714393,58.64318888234718,6.534271396279834,112.7980299759843,PigeonPeas
62.56635354437237,41.782260921689875,88.43054023480997,32.89473522446659,60.88674738696153,6.687769940532744,143.04723437104278,Watermelon
26.184473309366997,60.71641576853671,17.51810244391871,20.525121500265875,55.79702137054355,5.375203514064728,161.66123756924713,PigeonPeas
39.86060158655452,38.560185435902305,16.02810886000146,31.46955437887536,60.26104053111348,8.890354560610726,30.28301824028754,MothBeans
82.02764860843673,50.111288492622265,66.94473929820191,32.80127792654077,61.08064027379808,6.795161115208822,150.15794734043635,Watermelon
37.64138050630254,43.80916394574799,21.822616303217988,30.638014282300773,65.25024054598978,7.49148001415269,110.93875269101274,Blackgram
26.47092416585203,51.21614644678692,22.38143913681869,30.350965292163433,67.07173135463032,6.22986703218321,82.62968981746346,MungBean
63.374493628882675,69.86312321008134,64.83684239862336,23.373956274151176,58.05097193587724,6.909929381160067,143.96003210889458,Pomegranate
50.06374639801082,66.05140648461725,47.87306681235334,16.28475173642824,66.58933803144944,6.951749041404579,171.4315191652355,Apple
143.77376705782962,46.51556919747398,143.81054923036268,20.21822322571145,75.73692247452827,5.937077612151971,203.24019416958689,Banana
146.2236948135457,49.215528830244914,103.68176091731637,31.513051845342304,80.01380821360821,5.703878019576594,261.5015269991553,Banana
28.945083885409424,71.4757861008119,16.766173297916936,29.79340088938795,65.05346535299799,5.090258536913987,156.14792930553665,PigeonPeas
94.21015972100071,56.68265041572697,93.03174385120482,32.825766763276384,59.93561411564919,6.85455140781646,102.32952637533035,Watermelon
112.11887896068248,59.68490817227374,44.369318188368396,18.389210976676925,53.81601267370641,6.756655916116171,214.54287093585455,Maize
117.72922843099019,40.33356629218019,27.893373678179543,25.642543411254024,52.969835777741785,7.455254192160889,229.9584688111963,Maize
51.83376102992811,80.38516403388294,73.97621003658688,31.665427713579113,58.31481939594747,7.150526817101837,188.22691244075043,Mango
31.66198669424806,39.08695828727896,18.213010731458358,28.502526640733503,41.87715913860504,3.7877275988808363,33.28696961465773,MothBeans
31.053983134707984,44.23256670369031,28.9894590865252,28.35212072398726,63.060092994521646,6.726106354366701,66.57574715383244,Blackgram
43.769507321473085,64.85322197743572,17.1358929167219,23.37786322618171,55.23299338946673,5.69939317819309,101.09543419022108,KidneyBeans
94.52257855396016,40.97643231877095,24.941016148190418,21.924005694128514,57.52499844454037,5.739596174069921,215.82668767630105,Maize
54.588998099520815,60.61386250880854,71.4342830014206,25.344963782945193,52.00440028899082,6.802679218653425,192.741430721441,Mango
92.33899143233828,59.19157270276219,34.130128103443916,29.12809593448012,88.0952254280121,5.390899704197563,264.33767165469897,Rice
34.10615869373713,56.86988815115147,20.87699138734083,25.431760299310206,59.95930073255495,3.9585230628135477,70.4990685066746,MothBeans
38.88964625033712,54.79186881218354,28.269718071534655,27.237745862023182,62.01996171369116,6.347916013880583,70.60421785801402,Blackgram
28.294559417798073,75.06097909620803,21.910764901387275,32.04754799778172,50.38033426600698,6.687992046580358,111.37562946626693,PigeonPeas
62.60524552449165,63.648096484855955,50.856941975326386,29.218641148303682,74.958555241665,7.326268725008541,83.52459465537943,Grapes
32.37115841725955,41.713398995306285,27.092766266745514,29.663997065245532,59.30108853391133,7.336860274962532,109.23015501540637,Blackgram
22.83764181152944,51.78148740936527,15.022254020030829,29.95146995657807,51.324142314928,6.9310377386981665,100.56828007650702,KidneyBeans
40.08327274686338,65.03891068095,63.594773629742484,31.086529655908656,65.797909191332,6.16395534189216,89.6323857031458,Grapes
53.357373768400734,62.42071241019558,38.31358929348776,23.24596226629213,50.182567973764996,6.484485260325742,70.16408086447545,ChickPea
149.91454189659157,49.967643132594105,111.45706699413543,32.306356633569166,72.59502548320047,6.647497504031614,248.32487000618858,Banana
30.062654494889273,56.89668342530245,18.451942057185555,31.959156256320945,55.43904968121103,6.511343519443309,150.66337461039225,PigeonPeas
63.31070953026411,53.866040285653185,72.12918087397452,32.650864645904534,67.16307178350365,6.213749564896847,170.83847001610755,Muskmelon
21.212912834714967,51.67381739830107,16.871264589352386,27.137276123696182,47.46211970469357,7.778826583198545,36.95676666882671,MothBeans
21.59875654817782,58.58565508370183,25.256637328983768,33.574701421597666,63.277029386606095,7.3791453787506,83.79339675006848,Blackgram
53.70712969000079,51.42725589870004,74.66616968864268,31.336773180504412,51.75657522872065,6.409001597528949,103.88695440475175,Pomegranate
39.167912461953975,56.05890574627649,34.413359768735525,28.125544715683617,53.19946236500552,7.276606749334867,49.90076396322952,ChickPea
31.964503029769666,59.057240864974844,30.402096001467548,24.17014560593702,46.48127514556522,6.288269879486631,165.73791584812415,KidneyBeans
23.180122527768326,59.90801216191802,19.56689966542877,26.390346433747606,62.13377102947152,8.44649910356343,46.432439371400775,MothBeans
31.418465493196535,41.950921269139464,26.25464020891613,28.852899986320946,56.99385570708414,6.251904302070932,70.33269230533496,MungBean
35.071487115871705,53.77383547303661,29.08693171354532,23.47313849627348,58.72828413213462,7.7051245903882934,60.936158298070254,ChickPea
96.7942919263582,51.054043640480366,20.96580125737941,20.6438660900565,93.00746987836445,6.513546151336119,241.2093609980302,Rice
46.405073246216105,53.961146432570516,50.41699785799978,24.367212726171452,61.35979141600974,6.258692200528021,166.4578905442143,Apple
54.909423687338915,49.782697902265554,59.61490708082192,22.66164739233157,66.17246567103311,6.409151538262127,113.98907654778012,Grapes
78.67525336780481,56.37004172883384,38.165589276094636,24.112888845517865,94.13403057083447,5.018086697765549,217.61150308309826,Rice
75.86171515046638,48.1837241474948,61.62960407133794,30.400743165978987,71.17614656417878,7.4810286598475315,98.49847676528871,Grapes
78.15174886028848,71.405890751294,57.553953182360324,27.973570013801584,47.1453616141296,6.498628896621033,186.51907978824758,Pomegranate
68.56522170400933,43.02140210740697,71.51530014404474,29.963358599066055,75.11805132834627,7.353122119063189,92.72358804789566,Grapes
135.05340633546962,40.755649894265375,141.76250218042244,30.007496741473574,82.05364556704824,6.118621079379301,206.35564019101363,Banana
57.01932424338184,68.78578698543478,45.548560516839544,25.478839684393527,44.63529143315716,7.401689044803816,102.39287716026726,Pomegranate
117.26890632211047,49.11864215669742,140.4014281405649,25.884478957801658,77.88136126291897,6.370972827182838,289.38820096418647,Banana
39.99660769677816,59.92315570748168,28.1998335065832,30.226470302524646,67.5386827428938,6.315788145710412,68.09416319993703,Blackgram
39.110259453434324,49.3107666187556,23.626478377757437,26.223477462548473,56.50448577121141,7.719162334542118,65.85064952034543,MothBeans
30.734041024946634,42.18839312510009,18.399394065950666,31.402971596011277,45.53746962194509,6.854026361458378,62.01777298887288,MothBeans
28.746707558706788,54.93801567420827,26.94676526278436,27.30335888801691,50.03772163517918,6.9062366354912825,73.50228139173606,Blackgram
52.660498712377496,86.23921735123457,69.71386883249647,28.83367848737709,56.59745337073304,6.051123145484064,159.65226977517256,Mango
20.31286979317456,54.6743430097399,22.249912238515364,29.83878499712334,64.57387635045332,6.853711390660434,66.8275666931039,Lentil
22.440060640879036,57.87003633714956,23.230822424490114,27.40357795766808,58.280019787131394,6.049223153757483,141.06054955123793,KidneyBeans
116.15510819503785,43.71565527964503,144.12687806406745,27.8429517981708,72.75544117026602,6.735608009009125,259.0893164848761,Banana
41.048552618960784,78.63773020978053,72.76970185310304,22.90186631671552,68.78503796820925,5.768853992201787,156.61771924271306,Apple
26.675379290388033,69.34397145560033,23.96487789799091,33.417600985158195,38.309645177445006,6.3241750691704075,167.27198040577565,PigeonPeas
99.126189028045,42.47205105611768,27.9323826760641,25.151545715484634,51.03952583270416,6.9011865039536815,163.99236427553785,Maize
73.55034135465884,52.81065109112597,36.52875273065035,23.85008285274798,84.60941240124379,6.435927084021347,215.68803338985722,Rice
62.96937895214508,79.04996519266197,43.52960201559053,20.035546442421523,55.18936339299539,7.3542107302740165,106.14026877345749,Pomegranate
38.71967514261665,59.82216422836433,33.181116558774235,19.63646720106095,59.70092703141323,7.357234857457248,163.9598645078721,KidneyBeans
44.27438830679479,76.30932551179234,78.50719115943564,31.00645617980404,45.45913914526612,6.186981352134418,129.37161884172082,Pomegranate
95.38820687419233,60.01162157934066,40.85175400003061,24.725268703224884,58.96398003815046,5.745393760342736,225.57016684435314,Maize
48.30049379688428,62.53608634869614,59.4707395913326,20.647439301127243,68.29787897258912,5.90889003216126,189.4454349938747,Apple
